underlying_symbol,quote_datetime,root,expiration,strike,option_type,open,high,low,close,trade_volume,bid_size,bid,ask_size,ask,underlying_bid,underlying_ask,implied_underlying_price,active_underlying_price,implied_volatility,delta,gamma,theta,vega,rho,open_interest
^SPX,2024-01-24 16:15:00,SPX,2024-02-16,1000.000,C,3918.0036,3925.8396,3910.1676,3918.0036,57,250,3888.6186,15,3947.3887,4868.3700,4869.5000,0.0000,4868.9350,3.9380,0.9821,0.0000,-4.7377,0.5389,0.5442,1140
^SPX,2024-01-24 16:00:00,SPX,2024-02-16,1000.000,P,45.7659,45.8574,45.6744,45.7659,73,31,45.4226,670,46.1091,4868.3700,4869.5000,0.0000,4868.9350,3.9380,-0.0179,0.0000,-4.6326,0.5389,-0.0838,4152
^SPX,2024-01-24 16:15:00,SPX,2024-02-16,1010.000,C,3907.0591,3914.8732,3899.2450,3907.0591,6,250,3877.7562,740,3936.3621,4868.3700,4869.5000,0.0000,4868.9350,3.8954,0.9822,0.0000,-4.6698,0.5366,0.5514,11
^SPX,2024-01-24 16:15:00,SPX,2024-02-16,1010.000,P,44.7883,44.8779,44.6988,44.7883,85,250,44.4524,100,45.1243,4868.3700,4869.5000,0.0000,4868.9350,3.8954,-0.0178,0.0000,-4.5629,0.5366,-0.0829,2940
^SPX,2024-01-24 16:00:00,SPX,2024-02-16,1020.000,C,3896.1328,3903.9250,3888.3405,3896.1328,35,500,3866.9118,100,3925.3537,4868.3700,4869.5000,0.0000,4868.9350,3.8534,0.9823,0.0000,-4.6025,0.5342,0.5586,4075
^SPX,2024-01-24 16:00:00,SPX,2024-02-16,1020.000,P,43.8289,43.9166,43.7413,43.8289,145,100,43.5002,15,44.1577,4868.3700,4869.5000,0.0000,4868.9350,3.8534,-0.0177,0.0000,-4.4938,0.5342,-0.0820,2007
^SPX,2024-01-24 16:00:00,SPX,2024-02-16,1030.000,C,3885.2243,3892.9947,3877.4538,3885.2243,79,15,3856.0851,100,3914.3635,4868.3700,4869.5000,0.0000,4868.9350,3.8120,0.9824,0.0000,-4.5358,0.5318,0.5658,4349
^SPX,2024-01-24 16:15:00,SPX,2024-02-16,1030.000,P,42.8874,42.9732,42.8017,42.8874,47,31,42.5658,250,43.2091,4868.3700,4869.5000,0.0000,4868.9350,3.8120,-0.0176,0.0000,-4.4252,0.5318,-0.0811,3273
^SPX,2024-01-24 16:00:00,SPX,2024-02-16,1040.000,C,3874.3335,3882.0821,3866.5848,3874.3335,137,31,3845.2760,15,3903.3910,4868.3700,4869.5000,0.0000,4868.9350,3.7713,0.9825,0.0000,-4.4697,0.5292,0.5729,2020
^SPX,2024-01-24 16:00:00,SPX,2024-02-16,1040.000,P,41.9636,42.0475,41.8797,41.9636,25,250,41.6489,740,42.2783,4868.3700,4869.5000,0.0000,4868.9350,3.7713,-0.0175,0.0000,-4.3573,0.5292,-0.0803,247
^SPX,2024-01-24 16:00:00,SPX,2024-02-16,1050.000,C,3863.4601,3871.1870,3855.7332,3863.4601,124,31,3834.4841,100,3892.4360,4868.3700,4869.5000,0.0000,4868.9350,3.7311,0.9826,0.0000,-4.4043,0.5267,0.5801,1513
^SPX,2024-01-24 16:15:00,SPX,2024-02-16,1050.000,P,41.0572,41.1393,40.9751,41.0572,9,100,40.7493,250,41.3651,4868.3700,4869.5000,0.0000,4868.9350,3.7311,-0.0174,0.0000,-4.2900,0.5267,-0.0794,2096
^SPX,2024-01-24 16:00:00,SPX,2024-02-16,1060.000,C,3852.6039,3860.3091,3844.8987,3852.6039,105,250,3823.7093,15,3881.4984,4868.3700,4869.5000,0.0000,4868.9350,3.6916,0.9827,0.0000,-4.3394,0.5240,0.5872,4348
^SPX,2024-01-24 16:00:00,SPX,2024-02-16,1060.000,P,40.1679,40.2483,40.0876,40.1679,68,500,39.8667,15,40.4692,4868.3700,4869.5000,0.0000,4868.9350,3.6916,-0.0173,0.0000,-4.2233,0.5240,-0.0785,385
^SPX,2024-01-24 16:15:00,SPX,2024-02-16,1070.000,C,3841.7646,3849.4481,3834.0811,3841.7646,132,100,3812.9514,250,3870.5778,4868.3700,4869.5000,0.0000,4868.9350,3.6527,0.9828,0.0000,-4.2752,0.5213,0.5944,3535
^SPX,2024-01-24 16:15:00,SPX,2024-02-16,1070.000,P,39.2956,39.3742,39.2170,39.2956,131,100,39.0009,30,39.5904,4868.3700,4869.5000,0.0000,4868.9350,3.6527,-0.0172,0.0000,-4.1572,0.5213,-0.0776,4699
^SPX,2024-01-24 16:15:00,SPX,2024-02-16,1080.000,C,3830.9420,3838.6039,3823.2801,3830.9420,91,15,3802.2099,740,3859.6741,4868.3700,4869.5000,0.0000,4868.9350,3.6143,0.9829,0.0000,-4.2116,0.5185,0.6015,702
^SPX,2024-01-24 16:15:00,SPX,2024-02-16,1080.000,P,38.4400,38.5169,38.3631,38.4400,95,250,38.1517,670,38.7283,4868.3700,4869.5000,0.0000,4868.9350,3.6143,-0.0171,0.0000,-4.0918,0.5185,-0.0768,4554
^SPX,2024-01-24 16:00:00,SPX,2024-02-16,1090.000,C,3820.1359,3827.7761,3812.4956,3820.1359,132,100,3791.4848,30,3848.7869,4868.3700,4869.5000,0.0000,4868.9350,3.5765,0.9830,0.0000,-4.1486,0.5157,0.6087,3155
^SPX,2024-01-24 16:15:00,SPX,2024-02-16,1090.000,P,37.6009,37.6761,37.5257,37.6009,110,500,37.3189,670,37.8829,4868.3700,4869.5000,0.0000,4868.9350,3.5765,-0.0170,0.0000,-4.0270,0.5157,-0.0759,1982
^SPX,2024-01-24 16:00:00,SPX,2024-02-16,1100.000,C,3809.3459,3816.9646,3801.7272,3809.3459,79,31,3780.7758,740,3837.9160,4868.3700,4869.5000,0.0000,4868.9350,3.5392,0.9831,0.0000,-4.0863,0.5128,0.6158,809
^SPX,2024-01-24 16:15:00,SPX,2024-02-16,1100.000,P,36.7779,36.8515,36.7043,36.7779,101,31,36.5021,15,37.0537,4868.3700,4869.5000,0.0000,4868.9350,3.5392,-0.0169,0.0000,-3.9629,0.5128,-0.0750,2259
^SPX,2024-01-24 16:00:00,SPX,2024-02-16,1110.000,C,3798.5719,3806.1691,3790.9748,3798.5719,31,15,3770.0827,100,3827.0612,4868.3700,4869.5000,0.0000,4868.9350,3.5025,0.9832,0.0000,-4.0247,0.5099,0.6230,2266
^SPX,2024-01-24 16:00:00,SPX,2024-02-16,1110.000,P,35.9709,36.0428,35.8989,35.9709,136,100,35.7011,670,36.2407,4868.3700,4869.5000,0.0000,4868.9350,3.5025,-0.0168,0.0000,-3.8994,0.5099,-0.0742,2399
^SPX,2024-01-24 16:00:00,SPX,2024-02-16,1120.000,C,3787.8137,3795.3893,3780.2381,3787.8137,77,100,3759.4051,100,3816.2223,4868.3700,4869.5000,0.0000,4868.9350,3.4663,0.9833,0.0000,-3.9637,0.5069,0.6301,3467
^SPX,2024-01-24 16:00:00,SPX,2024-02-16,1120.000,P,35.1796,35.2500,35.1092,35.1796,85,500,34.9158,740,35.4435,4868.3700,4869.5000,0.0000,4868.9350,3.4663,-0.0167,0.0000,-3.8367,0.5069,-0.0733,4319
^SPX,2024-01-24 16:15:00,SPX,2024-02-16,1130.000,C,3777.0709,3784.6250,3769.5168,3777.0709,111,15,3748.7429,670,3805.3989,4868.3700,4869.5000,0.0000,4868.9350,3.4306,0.9834,0.0000,-3.9035,0.5039,0.6372,4216
^SPX,2024-01-24 16:00:00,SPX,2024-02-16,1130.000,P,34.4038,34.4726,34.3350,34.4038,102,31,34.1458,100,34.6618,4868.3700,4869.5000,0.0000,4868.9350,3.4306,-0.0166,0.0000,-3.7745,0.5039,-0.0725,1381
^SPX,2024-01-24 16:00:00,SPX,2024-02-16,1140.000,C,3766.3434,3773.8760,3758.8107,3766.3434,34,500,3738.0958,670,3794.5909,4868.3700,4869.5000,0.0000,4868.9350,3.3954,0.9836,0.0000,-3.8438,0.5008,0.6443,35
^SPX,2024-01-24 16:15:00,SPX,2024-02-16,1140.000,P,33.6432,33.7105,33.5759,33.6432,7,31,33.3909,15,33.8955,4868.3700,4869.5000,0.0000,4868.9350,3.3954,-0.0164,0.0000,-3.7131,0.5008,-0.0717,1362
^SPX,2024-01-24 16:15:00,SPX,2024-02-16,1150.000,C,3755.6308,3763.1421,3748.1195,3755.6308,42,500,3727.4636,250,3783.7980,4868.3700,4869.5000,0.0000,4868.9350,3.3606,0.9837,0.0000,-3.7849,0.4977,0.6514,1766
^SPX,2024-01-24 16:15:00,SPX,2024-02-16,1150.000,P,32.8976,32.9634,32.8318,32.8976,12,500,32.6509,670,33.1444,4868.3700,4869.5000,0.0000,4868.9350,3.3606,-0.0163,0.0000,-3.6524,0.4977,-0.0708,1604
^SPX,2024-01-24 16:15:00,SPX,2024-02-16,1160.000,C,3744.9330,3752.4229,3737.4431,3744.9330,27,500,3716.8460,740,3773.0200,4868.3700,4869.5000,0.0000,4868.9350,3.3264,0.9838,0.0000,-3.7267,0.4946,0.6586,4691
^SPX,2024-01-24 16:15:00,SPX,2024-02-16,1160.000,P,32.1668,32.2312,32.1025,32.1668,36,250,31.9256,250,32.4081,4868.3700,4869.5000,0.0000,4868.9350,3.3264,-0.0162,0.0000,-3.5923,0.4946,-0.0700,3143
^SPX,2024-01-24 16:00:00,SPX,2024-02-16,1170.000,C,3734.2497,3741.7182,3726.7812,3734.2497,37,250,3706.2429,30,3762.2566,4868.3700,4869.5000,0.0000,4868.9350,3.2927,0.9839,0.0000,-3.6691,0.4914,0.6657,3131
^SPX,2024-01-24 16:00:00,SPX,2024-02-16,1170.000,P,31.4505,31.5134,31.3876,31.4505,123,500,31.2146,670,31.6864,4868.3700,4869.5000,0.0000,4868.9350,3.2927,-0.0161,0.0000,-3.5330,0.4914,-0.0692,112
^SPX,2024-01-24 16:15:00,SPX,2024-02-16,1180.000,C,3723.5808,3731.0279,3716.1336,3723.5808,141,500,3695.6539,30,3751.5076,4868.3700,4869.5000,0.0000,4868.9350,3.2594,0.9840,0.0000,-3.6123,0.4881,0.6728,1280
^SPX,2024-01-24 16:00:00,SPX,2024-02-16,1180.000,P,30.7485,30.8100,30.6870,30.7485,140,15,30.5179,100,30.9791,4868.3700,4869.5000,0.0000,4868.9350,3.2594,-0.0160,0.0000,-3.4743,0.4881,-0.0683,1568
^SPX,2024-01-24 16:00:00,SPX,2024-02-16,1190.000,C,3712.9258,3720.3517,3705.5000,3712.9258,9,0,3685.0789,15,3740.7728,4868.3700,4869.5000,0.0000,4868.9350,3.2265,0.9842,0.0000,-3.5561,0.4849,0.6799,4009
^SPX,2024-01-24 16:00:00,SPX,2024-02-16,1190.000,P,30.0605,30.1207,30.0004,30.0605,63,0,29.8351,670,30.2860,4868.3700,4869.5000,0.0000,4868.9350,3.2265,-0.0158,0.0000,-3.4163,0.4849,-0.0675,4189
^SPX,2024-01-24 16:15:00,SPX,2024-02-16,1200.000,C,3702.2847,3709.6893,3694.8801,3702.2847,40,15,3674.5176,30,3730.0518,4868.3700,4869.5000,0.0000,4868.9350,3.1941,0.9843,0.0000,-3.5006,0.4816,0.6870,3154
^SPX,2024-01-24 16:00:00,SPX,2024-02-16,1200.000,P,29.3864,29.4452,29.3276,29.3864,19,100,29.1660,30,29.6068,4868.3700,4869.5000,0.0000,4868.9350,3.1941,-0.0157,0.0000,-3.3590,0.4816,-0.0667,2434
^SPX,2024-01-24 16:15:00,SPX,2024-02-16,1210.000,C,3691.6572,3699.0405,3684.2739,3691.6572,113,100,3663.9697,100,3719.3446,4868.3700,4869.5000,0.0000,4868.9350,3.1622,0.9844,0.0000,-3.4458,0.4782,0.6940,3084
^SPX,2024-01-24 16:00:00,SPX,2024-02-16,1210.000,P,28.7258,28.7833,28.6684,28.7258,109,0,28.5104,30,28.9413,4868.3700,4869.5000,0.0000,4868.9350,3.1622,-0.0156,0.0000,-3.3024,0.4782,-0.0659,3986
^SPX,2024-01-24 16:15:00,SPX,2024-02-16,1220.000,C,3681.0430,3688.4051,3673.6809,3681.0430,23,250,3653.4352,250,3708.6508,4868.3700,4869.5000,0.0000,4868.9350,3.1306,0.9845,0.0000,-3.3917,0.4748,0.7011,93
^SPX,2024-01-24 16:00:00,SPX,2024-02-16,1220.000,P,28.0787,28.1348,28.0225,28.0787,69,31,27.8681,740,28.2892,4868.3700,4869.5000,0.0000,4868.9350,3.1306,-0.0155,0.0000,-3.2465,0.4748,-0.0651,4950
^SPX,2024-01-24 16:00:00,SPX,2024-02-16,1230.000,C,3670.4420,3677.7829,3663.1011,3670.4420,86,500,3642.9137,100,3697.9703,4868.3700,4869.5000,0.0000,4868.9350,3.0995,0.9847,0.0000,-3.3383,0.4714,0.7082,3951
^SPX,2024-01-24 16:15:00,SPX,2024-02-16,1230.000,P,27.4446,27.4995,27.3897,27.4446,74,15,27.2388,740,27.6504,4868.3700,4869.5000,0.0000,4868.9350,3.0995,-0.0153,0.0000,-3.1913,0.4714,-0.0643,1226
^SPX,2024-01-24 16:15:00,SPX,2024-02-16,1240.000,C,3659.8539,3667.1736,3652.5342,3659.8539,84,250,3632.4050,15,3687.3028,4868.3700,4869.5000,0.0000,4868.9350,3.0688,0.9848,0.0000,-3.2856,0.4680,0.7153,3242
^SPX,2024-01-24 16:00:00,SPX,2024-02-16,1240.000,P,26.8235,26.8771,26.7698,26.8235,95,100,26.6223,740,27.0246,4868.3700,4869.5000,0.0000,4868.9350,3.0688,-0.0152,0.0000,-3.1368,0.4680,-0.0635,2619
^SPX,2024-01-24 16:15:00,SPX,2024-02-16,1250.000,C,3649.2785,3656.5770,3641.9799,3649.2785,80,250,3621.9089,100,3676.6481,4868.3700,4869.5000,0.0000,4868.9350,3.0385,0.9849,0.0000,-3.2336,0.4646,0.7223,831
^SPX,2024-01-24 16:15:00,SPX,2024-02-16,1250.000,P,26.2150,26.2675,26.1626,26.2150,110,15,26.0184,100,26.4116,4868.3700,4869.5000,0.0000,4868.9350,3.0385,-0.0151,0.0000,-3.0830,0.4646,-0.0627,996
^SPX,2024-01-24 16:15:00,SPX,2024-02-16,1260.000,C,3638.7155,3645.9930,3631.4381,3638.7155,30,100,3611.4252,30,3666.0059,4868.3700,4869.5000,0.0000,4868.9350,3.0086,0.9851,0.0000,-3.1822,0.4611,0.7294,2480
^SPX,2024-01-24 16:15:00,SPX,2024-02-16,1260.000,P,25.6191,25.6703,25.5678,25.6191,98,250,25.4269,740,25.8112,4868.3700,4869.5000,0.0000,4868.9350,3.0086,-0.0149,0.0000,-3.0299,0.4611,-0.0620,1932
^SPX,2024-01-24 16:15:00,SPX,2024-02-16,1270.000,C,3628.1649,3635.4212,3620.9085,3628.1649,92,0,3600.9536,30,3655.3761,4868.3700,4869.5000,0.0000,4868.9350,2.9791,0.9852,0.0000,-3.1316,0.4576,0.7364,140
^SPX,2024-01-24 16:00:00,SPX,2024-02-16,1270.000,P,25.0354,25.0854,24.9853,25.0354,88,31,24.8476,30,25.2231,4868.3700,4869.5000,0.0000,4868.9350,2.9791,-0.0148,0.0000,-2.9774,0.4576,-0.0612,2912
^SPX,2024-01-24 16:15:00,SPX,2024-02-16,1280.000,C,3617.6262,3624.8615,3610.3910,3617.6262,33,31,3590.4940,15,3644.7584,4868.3700,4869.5000,0.0000,4868.9350,2.9499,0.9853,0.0000,-3.0816,0.4541,0.7435,2949
^SPX,2024-01-24 16:00:00,SPX,2024-02-16,1280.000,P,24.4637,24.5126,24.4148,24.4637,48,31,24.2802,740,24.6472,4868.3700,4869.5000,0.0000,4868.9350,2.9499,-0.0147,0.0000,-2.9257,0.4541,-0.0604,3549
^SPX,2024-01-24 16:00:00,SPX,2024-02-16,1290.000,C,3607.0994,3614.3136,3599.8852,3607.0994,149,500,3580.0462,15,3634.1527,4868.3700,4869.5000,0.0000,4868.9350,2.9212,0.9855,0.0000,-3.0323,0.4505,0.7505,2852
^SPX,2024-01-24 16:15:00,SPX,2024-02-16,1290.000,P,23.9039,23.9517,23.8561,23.9039,73,250,23.7246,250,24.0831,4868.3700,4869.5000,0.0000,4868.9350,2.9212,-0.0145,0.0000,-2.8746,0.4505,-0.0597,1662
^SPX,2024-01-24 16:00:00,SPX,2024-02-16,1300.000,C,3596.5842,3603.7774,3589.3911,3596.5842,28,100,3569.6099,15,3623.5586,4868.3700,4869.5000,0.0000,4868.9350,2.8928,0.9856,0.0000,-2.9837,0.4470,0.7576,2459
^SPX,2024-01-24 16:00:00,SPX,2024-02-16,1300.000,P,23.3557,23.4024,23.3089,23.3557,20,500,23.1805,740,23.5308,4868.3700,4869.5000,0.0000,4868.9350,2.8928,-0.0144,0.0000,-2.8243,0.4470,-0.0589,3417
^SPX,2024-01-24 16:00:00,SPX,2024-02-16,1310.000,C,3586.0805,3593.2526,3578.9083,3586.0805,35,500,3559.1849,670,3612.9761,4868.3700,4869.5000,0.0000,4868.9350,2.8647,0.9857,0.0000,-2.9358,0.4434,0.7646,4882
^SPX,2024-01-24 16:15:00,SPX,2024-02-16,1310.000,P,22.8189,22.8645,22.7732,22.8189,21,500,22.6477,100,22.9900,4868.3700,4869.5000,0.0000,4868.9350,2.8647,-0.0143,0.0000,-2.7746,0.4434,-0.0582,4631
^SPX,2024-01-24 16:00:00,SPX,2024-02-16,1320.000,C,3575.5879,3582.7391,3568.4368,3575.5879,14,0,3548.7710,15,3602.4048,4868.3700,4869.5000,0.0000,4868.9350,2.8370,0.9859,0.0000,-2.8886,0.4398,0.7716,3343
^SPX,2024-01-24 16:15:00,SPX,2024-02-16,1320.000,P,22.2933,22.3379,22.2487,22.2933,143,250,22.1261,670,22.4605,4868.3700,4869.5000,0.0000,4868.9350,2.8370,-0.0141,0.0000,-2.7255,0.4398,-0.0574,527
^SPX,2024-01-24 16:15:00,SPX,2024-02-16,1330.000,C,3565.1064,3572.2366,3557.9762,3565.1064,123,0,3538.3681,670,3591.8447,4868.3700,4869.5000,0.0000,4868.9350,2.8097,0.9860,0.0000,-2.8420,0.4362,0.7786,3302
^SPX,2024-01-24 16:00:00,SPX,2024-02-16,1330.000,P,21.7787,21.8223,21.7352,21.7787,41,31,21.6154,670,21.9421,4868.3700,4869.5000,0.0000,4868.9350,2.8097,-0.0140,0.0000,-2.6772,0.4362,-0.0567,850
^SPX,2024-01-24 16:00:00,SPX,2024-02-16,1340.000,C,3554.6357,3561.7449,3547.5264,3554.6357,63,250,3527.9759,250,3581.2954,4868.3700,4869.5000,0.0000,4868.9350,2.7827,0.9861,0.0000,-2.7961,0.4326,0.7856,4313
^SPX,2024-01-24 16:00:00,SPX,2024-02-16,1340.000,P,21.2750,21.3175,21.2324,21.2750,96,500,21.1154,30,21.4345,4868.3700,4869.5000,0.0000,4868.9350,2.7827,-0.0139,0.0000,-2.6295,0.4326,-0.0559,3282
^SPX,2024-01-24 16:15:00,SPX,2024-02-16,1350.000,C,3544.1756,3551.2639,3537.0872,3544.1756,24,0,3517.5942,670,3570.7569,4868.3700,4869.5000,0.0000,4868.9350,2.7560,0.9863,0.0000,-2.7508,0.4289,0.7927,1266
^SPX,2024-01-24 16:00:00,SPX,2024-02-16,1350.000,P,20.7818,20.8234,20.7403,20.7818,8,500,20.6260,15,20.9377,4868.3700,4869.5000,0.0000,4868.9350,2.7560,-0.0137,0.0000,-2.5825,0.4289,-0.0552,1474
^SPX,2024-01-24 16:00:00,SPX,2024-02-16,1360.000,C,3533.7259,3540.7933,3526.6584,3533.7259,0,250,3507.2229,100,3560.2288,4868.3700,4869.5000,0.0000,4868.9350,2.7296,0.9864,0.0000,-2.7062,0.4253,0.7997,2172
^SPX,2024-01-24 16:15:00,SPX,2024-02-16,1360.000,P,20.2991,20.3397,20.2585,20.2991,19,250,20.1469,30,20.4514,4868.3700,4869.5000,0.0000,4868.9350,2.7296,-0.0136,0.0000,-2.5362,0.4253,-0.0545,3445
^SPX,2024-01-24 16:00:00,SPX,2024-02-16,1370.000,C,3523.2864,3530.3330,3516.2399,3523.2864,49,15,3496.8618,670,3549.7111,4868.3700,4869.5000,0.0000,4868.9350,2.7036,0.9865,0.0000,-2.6623,0.4216,0.8066,1997
^SPX,2024-01-24 16:15:00,SPX,2024-02-16,1370.000,P,19.8267,19.8663,19.7870,19.8267,73,500,19.6780,30,19.9754,4868.3700,4869.5000,0.0000,4868.9350,2.7036,-0.0135,0.0000,-2.4905,0.4216,-0.0538,1092
^SPX,2024-01-24 16:15:00,SPX,2024-02-16,1380.000,C,3512.8570,3519.8827,3505.8313,3512.8570,141,250,3486.5106,30,3539.2035,4868.3700,4869.5000,0.0000,4868.9350,2.6779,0.9867,0.0000,-2.6190,0.4180,0.8136,1347
^SPX,2024-01-24 16:15:00,SPX,2024-02-16,1380.000,P,19.3642,19.4030,19.3255,19.3642,110,100,19.2190,30,19.5095,4868.3700,4869.5000,0.0000,4868.9350,2.6779,-0.0133,0.0000,-2.4454,0.4180,-0.0531,25
^SPX,2024-01-24 16:15:00,SPX,2024-02-16,1390.000,C,3502.4375,3509.4424,3495.4326,3502.4375,46,250,3476.1692,740,3528.7058,4868.3700,4869.5000,0.0000,4868.9350,2.6525,0.9868,0.0000,-2.5764,0.4143,0.8206,2841
^SPX,2024-01-24 16:15:00,SPX,2024-02-16,1390.000,P,18.9117,18.9495,18.8738,18.9117,15,250,18.7698,100,19.0535,4868.3700,4869.5000,0.0000,4868.9350,2.6525,-0.0132,0.0000,-2.4010,0.4143,-0.0524,751
^SPX,2024-01-24 16:15:00,SPX,2024-02-16,1400.000,C,3492.0276,3499.0117,3485.0435,3492.0276,68,31,3465.8374,670,3518.2178,4868.3700,4869.5000,0.0000,4868.9350,2.6274,0.9869,0.0000,-2.5344,0.4106,0.8276,3580
^SPX,2024-01-24 16:15:00,SPX,2024-02-16,1400.000,P,18.4687,18.5057,18.4318,18.4687,70,250,18.3302,670,18.6073,4868.3700,4869.5000,0.0000,4868.9350,2.6274,-0.0131,0.0000,-2.3573,0.4106,-0.0517,2729
^SPX,2024-01-24 16:00:00,SPX,2024-02-16,1410.000,C,3481.6272,3488.5905,3474.6640,3481.6272,91,15,3455.5150,100,3507.7394,4868.3700,4869.5000,0.0000,4868.9350,2.6026,0.9871,0.0000,-2.4931,0.4070,0.8346,3082
^SPX,2024-01-24 16:00:00,SPX,2024-02-16,1410.000,P,18.0353,18.0714,17.9993,18.0353,27,0,17.9001,15,18.1706,4868.3700,4869.5000,0.0000,4868.9350,2.6026,-0.0129,0.0000,-2.3142,0.4070,-0.0510,3178
^SPX,2024-01-24 16:15:00,SPX,2024-02-16,1420.000,C,3471.2362,3478.1786,3464.2937,3471.2362,26,250,3445.2019,740,3497.2704,4868.3700,4869.5000,0.0000,4868.9350,2.5781,0.9872,0.0000,-2.4523,0.4033,0.8415,331
^SPX,2024-01-24 16:15:00,SPX,2024-02-16,1420.000,P,17.6113,17.6465,17.5760,17.6113,123,100,17.4792,740,17.7433,4868.3700,4869.5000,0.0000,4868.9350,2.5781,-0.0128,0.0000,-2.2717,0.4033,-0.0503,1489
^SPX,2024-01-24 16:15:00,SPX,2024-02-16,1430.000,C,3460.8542,3467.7760,3453.9325,3460.8542,77,0,3434.8978,15,3486.8106,4868.3700,4869.5000,0.0000,4868.9350,2.5539,0.9874,0.0000,-2.4123,0.3996,0.8485,903
^SPX,2024-01-24 16:00:00,SPX,2024-02-16,1430.000,P,17.1963,17.2307,17.1619,17.1963,26,250,17.0673,100,17.3253,4868.3700,4869.5000,0.0000,4868.9350,2.5539,-0.0126,0.0000,-2.2299,0.3996,-0.0496,2425
^SPX,2024-01-24 16:00:00,SPX,2024-02-16,1440.000,C,3450.4813,3457.3823,3443.5803,3450.4813,68,250,3424.6027,670,3476.3599,4868.3700,4869.5000,0.0000,4868.9350,2.5300,0.9875,0.0000,-2.3728,0.3959,0.8554,1478
^SPX,2024-01-24 16:15:00,SPX,2024-02-16,1440.000,P,16.7903,16.8239,16.7567,16.7903,48,500,16.6644,15,16.9163,4868.3700,4869.5000,0.0000,4868.9350,2.5300,-0.0125,0.0000,-2.1887,0.3959,-0.0490,4275
^SPX,2024-01-24 16:00:00,SPX,2024-02-16,1450.000,C,3440.1171,3446.9974,3433.2369,3440.1171,142,15,3414.3163,15,3465.9180,4868.3700,4869.5000,0.0000,4868.9350,2.5064,0.9876,0.0000,-2.3339,0.3922,0.8624,2805
^SPX,2024-01-24 16:00:00,SPX,2024-02-16,1450.000,P,16.3931,16.4259,16.3604,16.3931,14,15,16.2702,15,16.5161,4868.3700,4869.5000,0.0000,4868.9350,2.5064,-0.0124,0.0000,-2.1481,0.3922,-0.0483,2639
^SPX,2024-01-24 16:15:00,SPX,2024-02-16,1460.000,C,3429.7616,3436.6211,3422.9021,3429.7616,132,500,3404.0384,15,3455.4848,4868.3700,4869.5000,0.0000,4868.9350,2.4830,0.9878,0.0000,-2.2957,0.3885,0.8693,3000
^SPX,2024-01-24 16:00:00,SPX,2024-02-16,1460.000,P,16.0046,16.0366,15.9726,16.0046,100,31,15.8846,670,16.1246,4868.3700,4869.5000,0.0000,4868.9350,2.4830,-0.0122,0.0000,-2.1081,0.3885,-0.0477,737
^SPX,2024-01-24 16:00:00,SPX,2024-02-16,1470.000,C,3419.4146,3426.2534,3412.5757,3419.4146,80,15,3393.7689,15,3445.0602,4868.3700,4869.5000,0.0000,4868.9350,2.4599,0.9879,0.0000,-2.2581,0.3848,0.8762,1063
^SPX,2024-01-24 16:15:00,SPX,2024-02-16,1470.000,P,15.6245,15.6558,15.5933,15.6245,6,500,15.5073,15,15.7417,4868.3700,4869.5000,0.0000,4868.9350,2.4599,-0.0121,0.0000,-2.0688,0.3848,-0.0470,3749
^SPX,2024-01-24 16:00:00,SPX,2024-02-16,1480.000,C,3409.0758,3415.8939,3402.2576,3409.0758,84,31,3383.5077,15,3434.6439,4868.3700,4869.5000,0.0000,4868.9350,2.4371,0.9880,0.0000,-2.2210,0.3812,0.8832,4752
^SPX,2024-01-24 16:00:00,SPX,2024-02-16,1480.000,P,15.2527,15.2832,15.2222,15.2527,4,0,15.1383,670,15.3671,4868.3700,4869.5000,0.0000,4868.9350,2.4371,-0.0120,0.0000,-2.0300,0.3812,-0.0464,2349
^SPX,2024-01-24 16:15:00,SPX,2024-02-16,1490.000,C,3398.7452,3405.5427,3391.9477,3398.7452,62,250,3373.2546,670,3424.2358,4868.3700,4869.5000,0.0000,4868.9350,2.4146,0.9882,0.0000,-2.1846,0.3775,0.8901,4099
^SPX,2024-01-24 16:00:00,SPX,2024-02-16,1490.000,P,14.8891,14.9189,14.8593,14.8891,138,15,14.7774,250,15.0007,4868.3700,4869.5000,0.0000,4868.9350,2.4146,-0.0118,0.0000,-1.9919,0.3775,-0.0457,22
^SPX,2024-01-24 16:00:00,SPX,2024-02-16,1500.000,C,3388.4225,3395.1994,3381.6457,3388.4225,116,31,3363.0094,100,3413.8357,4868.3700,4869.5000,0.0000,4868.9350,2.3923,0.9883,0.0000,-2.1487,0.3738,0.8970,4775
^SPX,2024-01-24 16:15:00,SPX,2024-02-16,1500.000,P,14.5334,14.5625,14.5044,14.5334,139,100,14.4244,250,14.6424,4868.3700,4869.5000,0.0000,4868.9350,2.3923,-0.0117,0.0000,-1.9543,0.3738,-0.0451,4715
^SPX,2024-01-24 16:15:00,SPX,2024-02-16,1510.000,C,3378.1077,3384.8640,3371.3515,3378.1077,101,100,3352.7719,15,3403.4436,4868.3700,4869.5000,0.0000,4868.9350,2.3702,0.9884,0.0000,-2.1135,0.3701,0.9039,57
^SPX,2024-01-24 16:15:00,SPX,2024-02-16,1510.000,P,14.1856,14.2140,14.1572,14.1856,43,250,14.0792,100,14.2920,4868.3700,4869.5000,0.0000,4868.9350,2.3702,-0.0116,0.0000,-1.9173,0.3701,-0.0445,429
^SPX,2024-01-24 16:00:00,SPX,2024-02-16,1520.000,C,3367.8006,3374.5362,3361.0650,3367.8006,44,15,3342.5421,15,3393.0591,4868.3700,4869.5000,0.0000,4868.9350,2.3484,0.9886,0.0000,-2.0788,0.3665,0.9108,1032
^SPX,2024-01-24 16:15:00,SPX,2024-02-16,1520.000,P,13.8454,13.8731,13.8178,13.8454,150,31,13.7416,250,13.9493,4868.3700,4869.5000,0.0000,4868.9350,2.3484,-0.0114,0.0000,-1.8809,0.3665,-0.0438,2170
^SPX,2024-01-24 16:00:00,SPX,2024-02-16,1530.000,C,3357.5010,3364.2160,3350.7860,3357.5010,16,31,3332.3198,100,3382.6823,4868.3700,4869.5000,0.0000,4868.9350,2.3269,0.9887,0.0000,-2.0447,0.3628,0.9177,2051
^SPX,2024-01-24 16:00:00,SPX,2024-02-16,1530.000,P,13.5128,13.5398,13.4858,13.5128,54,100,13.4115,670,13.6142,4868.3700,4869.5000,0.0000,4868.9350,2.3269,-0.0113,0.0000,-1.8451,0.3628,-0.0432,1483
^SPX,2024-01-24 16:00:00,SPX,2024-02-16,1540.000,C,3347.2088,3353.9032,3340.5144,3347.2088,115,15,3322.1047,250,3372.3129,4868.3700,4869.5000,0.0000,4868.9350,2.3056,0.9888,0.0000,-2.0111,0.3591,0.9246,984
^SPX,2024-01-24 16:00:00,SPX,2024-02-16,1540.000,P,13.1876,13.2140,13.1612,13.1876,42,31,13.0887,740,13.2865,4868.3700,4869.5000,0.0000,4868.9350,2.3056,-0.0112,0.0000,-1.8098,0.3591,-0.0426,2218
^SPX,2024-01-24 16:00:00,SPX,2024-02-16,1550.000,C,3336.9238,3343.5977,3330.2500,3336.9238,71,0,3311.8969,740,3361.9508,4868.3700,4869.5000,0.0000,4868.9350,2.2845,0.9889,0.0000,-1.9781,0.3555,0.9315,1246
^SPX,2024-01-24 16:15:00,SPX,2024-02-16,1550.000,P,12.8696,12.8953,12.8438,12.8696,63,31,12.7730,100,12.9661,4868.3700,4869.5000,0.0000,4868.9350,2.2845,-0.0111,0.0000,-1.7751,0.3555,-0.0420,2825
^SPX,2024-01-24 16:15:00,SPX,2024-02-16,1560.000,C,3326.6459,3333.2992,3319.9926,3326.6459,39,0,3301.6961,100,3351.5958,4868.3700,4869.5000,0.0000,4868.9350,2.2637,0.9891,0.0000,-1.9457,0.3519,0.9383,828
^SPX,2024-01-24 16:15:00,SPX,2024-02-16,1560.000,P,12.5586,12.5838,12.5335,12.5586,140,500,12.4645,15,12.6528,4868.3700,4869.5000,0.0000,4868.9350,2.2637,-0.0109,0.0000,-1.7410,0.3519,-0.0414,4067
^SPX,2024-01-24 16:00:00,SPX,2024-02-16,1570.000,C,3316.3750,3323.0077,3309.7422,3316.3750,128,250,3291.5022,30,3341.2478,4868.3700,4869.5000,0.0000,4868.9350,2.2431,0.9892,0.0000,-1.9138,0.3482,0.9452,4327
^SPX,2024-01-24 16:15:00,SPX,2024-02-16,1570.000,P,12.2547,12.2792,12.2302,12.2547,87,15,12.1628,15,12.3466,4868.3700,4869.5000,0.0000,4868.9350,2.2431,-0.0108,0.0000,-1.7074,0.3482,-0.0408,2864
^SPX,2024-01-24 16:00:00,SPX,2024-02-16,1580.000,C,3306.1109,3312.7231,3299.4986,3306.1109,28,100,3281.3150,100,3330.9067,4868.3700,4869.5000,0.0000,4868.9350,2.2227,0.9893,0.0000,-1.8825,0.3446,0.9521,2786
^SPX,2024-01-24 16:00:00,SPX,2024-02-16,1580.000,P,11.9575,11.9814,11.9336,11.9575,50,500,11.8678,100,12.0472,4868.3700,4869.5000,0.0000,4868.9350,2.2227,-0.0107,0.0000,-1.6744,0.3446,-0.0403,3128
^SPX,2024-01-24 16:00:00,SPX,2024-02-16,1590.000,C,3295.8534,3302.4451,3289.2617,3295.8534,53,100,3271.1345,250,3320.5723,4868.3700,4869.5000,0.0000,4868.9350,2.2025,0.9895,0.0000,-1.8517,0.3410,0.9589,4443
^SPX,2024-01-24 16:00:00,SPX,2024-02-16,1590.000,P,11.6670,11.6904,11.6437,11.6670,114,100,11.5795,30,11.7545,4868.3700,4869.5000,0.0000,4868.9350,2.2025,-0.0105,0.0000,-1.6419,0.3410,-0.0397,4279
^SPX,2024-01-24 16:15:00,SPX,2024-02-16,1600.000,C,3285.6025,3292.1737,3279.0313,3285.6025,7,31,3260.9605,15,3310.2445,4868.3700,4869.5000,0.0000,4868.9350,2.1826,0.9896,0.0000,-1.8214,0.3374,0.9658,1410
^SPX,2024-01-24 16:15:00,SPX,2024-02-16,1600.000,P,11.3831,11.4059,11.3603,11.3831,1,250,11.2977,740,11.4685,4868.3700,4869.5000,0.0000,4868.9350,2.1826,-0.0104,0.0000,-1.6099,0.3374,-0.0391,4536
^SPX,2024-01-24 16:00:00,SPX,2024-02-16,1610.000,C,3275.3580,3281.9087,3268.8073,3275.3580,16,0,3250.7928,15,3299.9232,4868.3700,4869.5000,0.0000,4868.9350,2.1629,0.9897,0.0000,-1.7917,0.3338,0.9726,3211
^SPX,2024-01-24 16:00:00,SPX,2024-02-16,1610.000,P,11.1056,11.1278,11.0834,11.1056,110,500,11.0223,15,11.1889,4868.3700,4869.5000,0.0000,4868.9350,2.1629,-0.0103,0.0000,-1.5785,0.3338,-0.0386,92
^SPX,2024-01-24 16:15:00,SPX,2024-02-16,1620.000,C,3265.1198,3271.6500,3258.5895,3265.1198,37,31,3240.6314,250,3289.6082,4868.3700,4869.5000,0.0000,4868.9350,2.1434,0.9898,0.0000,-1.7625,0.3303,0.9795,2847
^SPX,2024-01-24 16:00:00,SPX,2024-02-16,1620.000,P,10.8343,10.8560,10.8127,10.8343,105,0,10.7531,740,10.9156,4868.3700,4869.5000,0.0000,4868.9350,2.1434,-0.0102,0.0000,-1.5476,0.3303,-0.0380,1087
^SPX,2024-01-24 16:00:00,SPX,2024-02-16,1630.000,C,3254.8877,3261.3975,3248.3779,3254.8877,105,250,3230.4761,30,3279.2994,4868.3700,4869.5000,0.0000,4868.9350,2.1241,0.9900,0.0000,-1.7337,0.3267,0.9863,1536
^SPX,2024-01-24 16:00:00,SPX,2024-02-16,1630.000,P,10.5692,10.5904,10.5481,10.5692,60,31,10.4900,100,10.6485,4868.3700,4869.5000,0.0000,4868.9350,2.1241,-0.0100,0.0000,-1.5172,0.3267,-0.0374,864
^SPX,2024-01-24 16:15:00,SPX,2024-02-16,1640.000,C,3244.6617,3251.1510,3238.1724,3244.6617,133,15,3220.3267,100,3268.9966,4868.3700,4869.5000,0.0000,4868.9350,2.1050,0.9901,0.0000,-1.7055,0.3232,0.9931,4715
^SPX,2024-01-24 16:15:00,SPX,2024-02-16,1640.000,P,10.3102,10.3308,10.2895,10.3102,73,31,10.2328,15,10.3875,4868.3700,4869.5000,0.0000,4868.9350,2.1050,-0.0099,0.0000,-1.4873,0.3232,-0.0369,2962
^SPX,2024-01-24 16:15:00,SPX,2024-02-16,1650.000,C,3234.4415,3240.9104,3227.9727,3234.4415,84,0,3210.1832,740,3258.6999,4868.3700,4869.5000,0.0000,4868.9350,2.0862,0.9902,0.0000,-1.6778,0.3196,0.9999,795
^SPX,2024-01-24 16:15:00,SPX,2024-02-16,1650.000,P,10.0570,10.0771,10.0369,10.0570,128,250,9.9816,30,10.1324,4868.3700,4869.5000,0.0000,4868.9350,2.0862,-0.0098,0.0000,-1.4579,0.3196,-0.0364,1474
^SPX,2024-01-24 16:15:00,SPX,2024-02-16,1660.000,C,3224.2272,3230.6757,3217.7787,3224.2272,13,500,3200.0455,670,3248.4089,4868.3700,4869.5000,0.0000,4868.9350,2.0675,0.9903,0.0000,-1.6506,0.3161,1.0067,4391
^SPX,2024-01-24 16:00:00,SPX,2024-02-16,1660.000,P,9.8096,9.8292,9.7900,9.8096,139,250,9.7361,740,9.8832,4868.3700,4869.5000,0.0000,4868.9350,2.0675,-0.0097,0.0000,-1.4290,0.3161,-0.0358,897
^SPX,2024-01-24 16:15:00,SPX,2024-02-16,1670.000,C,3214.0185,3220.4466,3207.5905,3214.0185,86,100,3189.9134,670,3238.1237,4868.3700,4869.5000,0.0000,4868.9350,2.0490,0.9905,0.0000,-1.6239,0.3126,1.0136,296
^SPX,2024-01-24 16:15:00,SPX,2024-02-16,1670.000,P,9.5679,9.5871,9.5488,9.5679,6,500,9.4962,250,9.6397,4868.3700,4869.5000,0.0000,4868.9350,2.0490,-0.0095,0.0000,-1.4006,0.3126,-0.0353,4295
^SPX,2024-01-24 16:00:00,SPX,2024-02-16,1680.000,C,3203.8154,3210.2230,3197.4078,3203.8154,95,15,3179.7868,15,3227.8440,4868.3700,4869.5000,0.0000,4868.9350,2.0308,0.9906,0.0000,-1.5977,0.3091,1.0204,3487
^SPX,2024-01-24 16:00:00,SPX,2024-02-16,1680.000,P,9.3318,9.3504,9.3131,9.3318,41,15,9.2618,670,9.4018,4868.3700,4869.5000,0.0000,4868.9350,2.0308,-0.0094,0.0000,-1.3727,0.3091,-0.0348,1515
^SPX,2024-01-24 16:00:00,SPX,2024-02-16,1690.000,C,3193.6177,3200.0049,3187.2305,3193.6177,54,500,3169.6656,100,3217.5698,4868.3700,4869.5000,0.0000,4868.9350,2.0127,0.9907,0.0000,-1.5719,0.3057,1.0272,3141
^SPX,2024-01-24 16:15:00,SPX,2024-02-16,1690.000,P,9.1010,9.1192,9.0828,9.1010,0,100,9.0328,670,9.1693,4868.3700,4869.5000,0.0000,4868.9350,2.0127,-0.0093,0.0000,-1.3453,0.3057,-0.0343,2428
^SPX,2024-01-24 16:00:00,SPX,2024-02-16,1700.000,C,3183.4253,3189.7922,3177.0585,3183.4253,24,31,3159.5496,670,3207.3010,4868.3700,4869.5000,0.0000,4868.9350,1.9948,0.9908,0.0000,-1.5466,0.3022,1.0339,2549
^SPX,2024-01-24 16:00:00,SPX,2024-02-16,1700.000,P,8.8756,8.8934,8.8579,8.8756,97,15,8.8091,740,8.9422,4868.3700,4869.5000,0.0000,4868.9350,1.9948,-0.0092,0.0000,-1.3183,0.3022,-0.0338,3779
^SPX,2024-01-24 16:00:00,SPX,2024-02-16,1710.000,C,3173.2382,3179.5847,3166.8917,3173.2382,119,250,3149.4389,30,3197.0375,4868.3700,4869.5000,0.0000,4868.9350,1.9771,0.9909,0.0000,-1.5218,0.2988,1.0407,1476
^SPX,2024-01-24 16:15:00,SPX,2024-02-16,1710.000,P,8.6555,8.6728,8.6382,8.6555,109,500,8.5906,100,8.7204,4868.3700,4869.5000,0.0000,4868.9350,1.9771,-0.0091,0.0000,-1.2918,0.2988,-0.0332,576
^SPX,2024-01-24 16:00:00,SPX,2024-02-16,1720.000,C,3163.0561,3169.3822,3156.7300,3163.0561,13,15,3139.3332,740,3186.7790,4868.3700,4869.5000,0.0000,4868.9350,1.9596,0.9911,0.0000,-1.4974,0.2954,1.0475,2691
^SPX,2024-01-24 16:15:00,SPX,2024-02-16,1720.000,P,8.4404,8.4573,8.4235,8.4404,120,500,8.3771,100,8.5037,4868.3700,4869.5000,0.0000,4868.9350,1.9596,-0.0089,0.0000,-1.2658,0.2954,-0.0328,2228
^SPX,2024-01-24 16:15:00,SPX,2024-02-16,1730.000,C,3152.8791,3159.1848,3146.5733,3152.8791,128,250,3129.2325,740,3176.5257,4868.3700,4869.5000,0.0000,4868.9350,1.9422,0.9912,0.0000,-1.4735,0.2920,1.0543,4550
^SPX,2024-01-24 16:00:00,SPX,2024-02-16,1730.000,P,8.2303,8.2468,8.2138,8.2303,72,31,8.1686,670,8.2920,4868.3700,4869.5000,0.0000,4868.9350,1.9422,-0.0088,0.0000,-1.2402,0.2920,-0.0323,1185
^SPX,2024-01-24 16:15:00,SPX,2024-02-16,1740.000,C,3142.7069,3148.9923,3136.4215,3142.7069,107,100,3119.1366,100,3166.2772,4868.3700,4869.5000,0.0000,4868.9350,1.9251,0.9913,0.0000,-1.4500,0.2886,1.0610,213
^SPX,2024-01-24 16:15:00,SPX,2024-02-16,1740.000,P,8.0251,8.0412,8.0091,8.0251,2,500,7.9649,15,8.0853,4868.3700,4869.5000,0.0000,4868.9350,1.9251,-0.0087,0.0000,-1.2151,0.2886,-0.0318,4358
^SPX,2024-01-24 16:15:00,SPX,2024-02-16,1750.000,C,3132.5395,3138.8046,3126.2745,3132.5395,35,15,3109.0455,30,3156.0336,4868.3700,4869.5000,0.0000,4868.9350,1.9081,0.9914,0.0000,-1.4270,0.2853,1.0678,3945
^SPX,2024-01-24 16:15:00,SPX,2024-02-16,1750.000,P,7.8247,7.8404,7.8091,7.8247,44,100,7.7660,670,7.8834,4868.3700,4869.5000,0.0000,4868.9350,1.9081,-0.0086,0.0000,-1.1904,0.2853,-0.0313,572
^SPX,2024-01-24 16:15:00,SPX,2024-02-16,1760.000,C,3122.3769,3128.6216,3116.1321,3122.3769,96,250,3098.9590,740,3145.7947,4868.3700,4869.5000,0.0000,4868.9350,1.8913,0.9915,0.0000,-1.4044,0.2819,1.0746,3524
^SPX,2024-01-24 16:15:00,SPX,2024-02-16,1760.000,P,7.6290,7.6443,7.6138,7.6290,57,0,7.5718,30,7.6862,4868.3700,4869.5000,0.0000,4868.9350,1.8913,-0.0085,0.0000,-1.1662,0.2819,-0.0308,377
^SPX,2024-01-24 16:15:00,SPX,2024-02-16,1770.000,C,3112.2188,3118.4432,3105.9943,3112.2188,79,100,3088.8771,30,3135.5604,4868.3700,4869.5000,0.0000,4868.9350,1.8747,0.9916,0.0000,-1.3823,0.2786,1.0813,4464
^SPX,2024-01-24 16:15:00,SPX,2024-02-16,1770.000,P,7.4379,7.4528,7.4230,7.4379,139,15,7.3821,30,7.4937,4868.3700,4869.5000,0.0000,4868.9350,1.8747,-0.0084,0.0000,-1.1424,0.2786,-0.0304,4947
^SPX,2024-01-24 16:00:00,SPX,2024-02-16,1780.000,C,3102.0652,3108.2693,3095.8611,3102.0652,90,31,3078.7997,250,3125.3307,4868.3700,4869.5000,0.0000,4868.9350,1.8582,0.9917,0.0000,-1.3605,0.2753,1.0881,1256
^SPX,2024-01-24 16:15:00,SPX,2024-02-16,1780.000,P,7.2513,7.2658,7.2368,7.2513,117,15,7.1969,30,7.3057,4868.3700,4869.5000,0.0000,4868.9350,1.8582,-0.0083,0.0000,-1.1190,0.2753,-0.0299,2700
^SPX,2024-01-24 16:00:00,SPX,2024-02-16,1790.000,C,3091.9160,3098.0998,3085.7322,3091.9160,116,31,3068.7266,250,3115.1054,4868.3700,4869.5000,0.0000,4868.9350,1.8419,0.9919,0.0000,-1.3392,0.2720,1.0948,3609
^SPX,2024-01-24 16:00:00,SPX,2024-02-16,1790.000,P,7.0691,7.0832,7.0549,7.0691,23,15,7.0160,740,7.1221,4868.3700,4869.5000,0.0000,4868.9350,1.8419,-0.0081,0.0000,-1.0960,0.2720,-0.0294,886
^SPX,2024-01-24 16:00:00,SPX,2024-02-16,1800.000,C,3081.7711,3087.9346,3075.6076,3081.7711,103,500,3058.6578,15,3104.8844,4868.3700,4869.5000,0.0000,4868.9350,1.8258,0.9920,0.0000,-1.3183,0.2688,1.1015,561
^SPX,2024-01-24 16:15:00,SPX,2024-02-16,1800.000,P,6.8911,6.9049,6.8774,6.8911,145,500,6.8395,30,6.9428,4868.3700,4869.5000,0.0000,4868.9350,1.8258,-0.0080,0.0000,-1.0735,0.2688,-0.0290,4084
^SPX,2024-01-24 16:00:00,SPX,2024-02-16,1810.000,C,3071.6304,3077.7737,3065.4872,3071.6304,53,500,3048.5932,740,3094.6677,4868.3700,4869.5000,0.0000,4868.9350,1.8098,0.9921,0.0000,-1.2978,0.2656,1.1082,4769
^SPX,2024-01-24 16:00:00,SPX,2024-02-16,1810.000,P,6.7174,6.7309,6.7040,6.7174,83,0,6.6671,30,6.7678,4868.3700,4869.5000,0.0000,4868.9350,1.8098,-0.0079,0.0000,-1.0513,0.2656,-0.0285,3146
^SPX,2024-01-24 16:00:00,SPX,2024-02-16,1820.000,C,3061.4939,3067.6169,3055.3709,3061.4939,70,31,3038.5327,250,3084.4551,4868.3700,4869.5000,0.0000,4868.9350,1.7940,0.9922,0.0000,-1.2777,0.2623,1.1150,521
^SPX,2024-01-24 16:15:00,SPX,2024-02-16,1820.000,P,6.5479,6.5610,6.5348,6.5479,133,500,6.4979,30,6.5979,4868.3700,4869.5000,0.0000,4868.9350,1.7940,-0.0078,0.0000,-1.0296,0.2623,-0.0281,3083
^SPX,2024-01-24 16:15:00,SPX,2024-02-16,1830.000,C,3051.3613,3057.4641,3045.2586,3051.3613,56,100,3028.4761,100,3074.2466,4868.3700,4869.5000,0.0000,4868.9350,1.7784,0.9923,0.0000,-1.2580,0.2592,1.1217,2545
^SPX,2024-01-24 16:15:00,SPX,2024-02-16,1830.000,P,6.3823,6.3951,6.3695,6.3823,148,100,6.3323,15,6.4323,4868.3700,4869.5000,0.0000,4868.9350,1.7784,-0.0077,0.0000,-1.0082,0.2592,-0.0277,1651
^SPX,2024-01-24 16:00:00,SPX,2024-02-16,1840.000,C,3041.2328,3047.3152,3035.1503,3041.2328,81,0,3018.4235,15,3064.0420,4868.3700,4869.5000,0.0000,4868.9350,1.7629,0.9924,0.0000,-1.2387,0.2560,1.1284,4635
^SPX,2024-01-24 16:15:00,SPX,2024-02-16,1840.000,P,6.2207,6.2331,6.2083,6.2207,26,500,6.1707,250,6.2707,4868.3700,4869.5000,0.0000,4868.9350,1.7629,-0.0076,0.0000,-0.9873,0.2560,-0.0272,3094
^SPX,2024-01-24 16:15:00,SPX,2024-02-16,1850.000,C,3031.1081,3037.1703,3025.0458,3031.1081,36,15,3008.3747,670,3053.8414,4868.3700,4869.5000,0.0000,4868.9350,1.7476,0.9925,0.0000,-1.2197,0.2529,1.1351,2263
^SPX,2024-01-24 16:00:00,SPX,2024-02-16,1850.000,P,6.0630,6.0751,6.0508,6.0630,115,100,6.0130,100,6.1130,4868.3700,4869.5000,0.0000,4868.9350,1.7476,-0.0075,0.0000,-0.9667,0.2529,-0.0268,2648
^SPX,2024-01-24 16:15:00,SPX,2024-02-16,1860.000,C,3020.9871,3027.0291,3014.9451,3020.9871,78,250,2998.3297,740,3043.6445,4868.3700,4869.5000,0.0000,4868.9350,1.7324,0.9926,0.0000,-1.2012,0.2497,1.1418,937
^SPX,2024-01-24 16:15:00,SPX,2024-02-16,1860.000,P,5.9090,5.9208,5.8972,5.9090,128,31,5.8590,670,5.9590,4868.3700,4869.5000,0.0000,4868.9350,1.7324,-0.0074,0.0000,-0.9466,0.2497,-0.0264,1834
^SPX,2024-01-24 16:15:00,SPX,2024-02-16,1870.000,C,3010.8699,3016.8916,3004.8481,3010.8699,94,0,2988.2884,670,3033.4514,4868.3700,4869.5000,0.0000,4868.9350,1.7173,0.9927,0.0000,-1.1830,0.2466,1.1485,3930
^SPX,2024-01-24 16:15:00,SPX,2024-02-16,1870.000,P,5.7587,5.7703,5.7472,5.7587,76,0,5.7087,100,5.8087,4868.3700,4869.5000,0.0000,4868.9350,1.7173,-0.0073,0.0000,-0.9267,0.2466,-0.0260,1697
^SPX,2024-01-24 16:00:00,SPX,2024-02-16,1880.000,C,3000.7563,3006.7578,2994.7547,3000.7563,0,100,2978.2506,30,3023.2619,4868.3700,4869.5000,0.0000,4868.9350,1.7025,0.9928,0.0000,-1.1652,0.2436,1.1552,4509
^SPX,2024-01-24 16:15:00,SPX,2024-02-16,1880.000,P,5.6121,5.6233,5.6009,5.6121,50,15,5.5621,30,5.6621,4868.3700,4869.5000,0.0000,4868.9350,1.7025,-0.0072,0.0000,-0.9073,0.2436,-0.0256,1830
^SPX,2024-01-24 16:00:00,SPX,2024-02-16,1890.000,C,2990.6462,2996.6275,2984.6649,2990.6462,148,15,2968.2163,250,3013.0760,4868.3700,4869.5000,0.0000,4868.9350,1.6877,0.9929,0.0000,-1.1477,0.2405,1.1619,2714
^SPX,2024-01-24 16:15:00,SPX,2024-02-16,1890.000,P,5.4690,5.4799,5.4580,5.4690,39,15,5.4190,100,5.5190,4868.3700,4869.5000,0.0000,4868.9350,1.6877,-0.0071,0.0000,-0.8882,0.2405,-0.0252,1558
^SPX,2024-01-24 16:00:00,SPX,2024-02-16,1900.000,C,2980.5395,2986.5006,2974.5785,2980.5395,39,0,2958.1855,30,3002.8936,4868.3700,4869.5000,0.0000,4868.9350,1.6731,0.9930,0.0000,-1.1306,0.2375,1.1685,1068
^SPX,2024-01-24 16:00:00,SPX,2024-02-16,1900.000,P,5.3293,5.3400,5.3186,5.3293,89,0,5.2793,250,5.3793,4868.3700,4869.5000,0.0000,4868.9350,1.6731,-0.0070,0.0000,-0.8695,0.2375,-0.0248,4159
^SPX,2024-01-24 16:15:00,SPX,2024-02-16,1910.000,C,2970.4363,2976.3772,2964.4954,2970.4363,53,0,2948.1580,250,2992.7146,4868.3700,4869.5000,0.0000,4868.9350,1.6587,0.9931,0.0000,-1.1139,0.2345,1.1752,3016
^SPX,2024-01-24 16:00:00,SPX,2024-02-16,1910.000,P,5.1930,5.2034,5.1826,5.1930,1,100,5.1430,670,5.2430,4868.3700,4869.5000,0.0000,4868.9350,1.6587,-0.0069,0.0000,-0.8512,0.2345,-0.0244,102
^SPX,2024-01-24 16:15:00,SPX,2024-02-16,1920.000,C,2960.3363,2966.2570,2954.4157,2960.3363,96,15,2938.1338,100,2982.5389,4868.3700,4869.5000,0.0000,4868.9350,1.6444,0.9932,0.0000,-1.0975,0.2315,1.1819,4864
^SPX,2024-01-24 16:00:00,SPX,2024-02-16,1920.000,P,5.0601,5.0702,5.0499,5.0601,149,0,5.0101,30,5.1101,4868.3700,4869.5000,0.0000,4868.9350,1.6444,-0.0068,0.0000,-0.8332,0.2315,-0.0240,1578
^SPX,2024-01-24 16:15:00,SPX,2024-02-16,1930.000,C,2950.2396,2956.1401,2944.3392,2950.2396,22,500,2928.1128,670,2972.3664,4868.3700,4869.5000,0.0000,4868.9350,1.6302,0.9933,0.0000,-1.0814,0.2286,1.1885,3770
^SPX,2024-01-24 16:00:00,SPX,2024-02-16,1930.000,P,4.9303,4.9402,4.9205,4.9303,29,500,4.8803,250,4.9803,4868.3700,4869.5000,0.0000,4868.9350,1.6302,-0.0067,0.0000,-0.8155,0.2286,-0.0236,793
^SPX,2024-01-24 16:15:00,SPX,2024-02-16,1940.000,C,2940.1461,2946.0264,2934.2658,2940.1461,36,500,2918.0950,30,2962.1972,4868.3700,4869.5000,0.0000,4868.9350,1.6162,0.9934,0.0000,-1.0657,0.2257,1.1952,2603
^SPX,2024-01-24 16:00:00,SPX,2024-02-16,1940.000,P,4.8038,4.8134,4.7941,4.8038,84,250,4.7538,250,4.8538,4868.3700,4869.5000,0.0000,4868.9350,1.6162,-0.0066,0.0000,-0.7981,0.2257,-0.0232,4243
^SPX,2024-01-24 16:00:00,SPX,2024-02-16,1950.000,C,2930.0556,2935.9158,2924.1955,2930.0556,129,500,2908.0802,740,2952.0311,4868.3700,4869.5000,0.0000,4868.9350,1.6023,0.9935,0.0000,-1.0503,0.2228,1.2018,325
^SPX,2024-01-24 16:00:00,SPX,2024-02-16,1950.000,P,4.6803,4.6896,4.6709,4.6803,11,0,4.6303,250,4.7303,4868.3700,4869.5000,0.0000,4868.9350,1.6023,-0.0065,0.0000,-0.7811,0.2228,-0.0229,386
^SPX,2024-01-24 16:00:00,SPX,2024-02-16,1960.000,C,2919.9682,2925.8082,2914.1283,2919.9682,30,250,2898.0685,670,2941.8680,4868.3700,4869.5000,0.0000,4868.9350,1.5885,0.9936,0.0000,-1.0352,0.2199,1.2085,2418
^SPX,2024-01-24 16:15:00,SPX,2024-02-16,1960.000,P,4.5598,4.5689,4.5507,4.5598,128,100,4.5098,30,4.6098,4868.3700,4869.5000,0.0000,4868.9350,1.5885,-0.0064,0.0000,-0.7645,0.2199,-0.0225,434
^SPX,2024-01-24 16:00:00,SPX,2024-02-16,1970.000,C,2909.8837,2915.7035,2904.0640,2909.8837,123,250,2888.0596,740,2931.7079,4868.3700,4869.5000,0.0000,4868.9350,1.5749,0.9937,0.0000,-1.0204,0.2170,1.2151,4510
^SPX,2024-01-24 16:00:00,SPX,2024-02-16,1970.000,P,4.4423,4.4512,4.4334,4.4423,87,0,4.3923,250,4.4923,4868.3700,4869.5000,0.0000,4868.9350,1.5749,-0.0063,0.0000,-0.7481,0.2170,-0.0221,2132
^SPX,2024-01-24 16:15:00,SPX,2024-02-16,1980.000,C,2899.8022,2905.6018,2894.0026,2899.8022,127,15,2878.0537,250,2921.5507,4868.3700,4869.5000,0.0000,4868.9350,1.5614,0.9938,0.0000,-1.0060,0.2142,1.2218,2471
^SPX,2024-01-24 16:15:00,SPX,2024-02-16,1980.000,P,4.3277,4.3364,4.3191,4.3277,30,100,4.2777,250,4.3777,4868.3700,4869.5000,0.0000,4868.9350,1.5614,-0.0062,0.0000,-0.7321,0.2142,-0.0218,3639
^SPX,2024-01-24 16:15:00,SPX,2024-02-16,1990.000,C,2889.7234,2895.5029,2883.9440,2889.7234,40,100,2868.0505,15,2911.3963,4868.3700,4869.5000,0.0000,4868.9350,1.5480,0.9939,0.0000,-0.9919,0.2114,1.2284,4429
^SPX,2024-01-24 16:15:00,SPX,2024-02-16,1990.000,P,4.2159,4.2244,4.2075,4.2159,93,100,4.1659,100,4.2659,4868.3700,4869.5000,0.0000,4868.9350,1.5480,-0.0061,0.0000,-0.7164,0.2114,-0.0214,4689
^SPX,2024-01-24 16:15:00,SPX,2024-02-16,2000.000,C,2879.6474,2885.4067,2873.8881,2879.6474,108,500,2858.0501,740,2901.2448,4868.3700,4869.5000,0.0000,4868.9350,1.5348,0.9940,0.0000,-0.9781,0.2086,1.2350,1867
^SPX,2024-01-24 16:00:00,SPX,2024-02-16,2000.000,P,4.1069,4.1151,4.0987,4.1069,104,100,4.0569,15,4.1569,4868.3700,4869.5000,0.0000,4868.9350,1.5348,-0.0060,0.0000,-0.7010,0.2086,-0.0211,4794
^SPX,2024-01-24 16:15:00,SPX,2024-02-16,2010.000,C,2869.5741,2875.3133,2863.8350,2869.5741,71,15,2848.0523,740,2891.0959,4868.3700,4869.5000,0.0000,4868.9350,1.5217,0.9941,0.0000,-0.9645,0.2059,1.2417,1431
^SPX,2024-01-24 16:00:00,SPX,2024-02-16,2010.000,P,4.0006,4.0086,3.9926,4.0006,85,100,3.9506,670,4.0506,4868.3700,4869.5000,0.0000,4868.9350,1.5217,-0.0059,0.0000,-0.6858,0.2059,-0.0207,3097
^SPX,2024-01-24 16:00:00,SPX,2024-02-16,2020.000,C,2859.5035,2865.2225,2853.7845,2859.5035,115,500,2838.0572,670,2880.9497,4868.3700,4869.5000,0.0000,4868.9350,1.5087,0.9942,0.0000,-0.9513,0.2032,1.2483,1259
^SPX,2024-01-24 16:00:00,SPX,2024-02-16,2020.000,P,3.8969,3.9047,3.8891,3.8969,3,500,3.8469,30,3.9469,4868.3700,4869.5000,0.0000,4868.9350,1.5087,-0.0058,0.0000,-0.6710,0.2032,-0.0204,1554
^SPX,2024-01-24 16:15:00,SPX,2024-02-16,2030.000,C,2849.4354,2855.1343,2843.7365,2849.4354,125,250,2828.0646,15,2870.8061,4868.3700,4869.5000,0.0000,4868.9350,1.4958,0.9942,0.0000,-0.9384,0.2005,1.2549,1691
^SPX,2024-01-24 16:00:00,SPX,2024-02-16,2030.000,P,3.7958,3.8034,3.7882,3.7958,141,15,3.7458,30,3.8458,4868.3700,4869.5000,0.0000,4868.9350,1.4958,-0.0058,0.0000,-0.6565,0.2005,-0.0201,433
^SPX,2024-01-24 16:00:00,SPX,2024-02-16,2040.000,C,2839.3698,2845.0486,2833.6911,2839.3698,28,250,2818.0745,30,2860.6651,4868.3700,4869.5000,0.0000,4868.9350,1.4831,0.9943,0.0000,-0.9257,0.1978,1.2615,4864
^SPX,2024-01-24 16:15:00,SPX,2024-02-16,2040.000,P,3.6972,3.7046,3.6898,3.6972,72,0,3.6472,30,3.7472,4868.3700,4869.5000,0.0000,4868.9350,1.4831,-0.0057,0.0000,-0.6423,0.1978,-0.0197,751
^SPX,2024-01-24 16:00:00,SPX,2024-02-16,2050.000,C,2829.3067,2834.9653,2823.6481,2829.3067,120,250,2808.0869,670,2850.5265,4868.3700,4869.5000,0.0000,4868.9350,1.4705,0.9944,0.0000,-0.9133,0.1952,1.2681,194
^SPX,2024-01-24 16:15:00,SPX,2024-02-16,2050.000,P,3.6011,3.6083,3.5939,3.6011,78,31,3.5511,740,3.6511,4868.3700,4869.5000,0.0000,4868.9350,1.4705,-0.0056,0.0000,-0.6283,0.1952,-0.0194,1693
^SPX,2024-01-24 16:15:00,SPX,2024-02-16,2060.000,C,2819.2460,2824.8845,2813.6075,2819.2460,60,500,2798.1017,15,2840.3904,4868.3700,4869.5000,0.0000,4868.9350,1.4580,0.9945,0.0000,-0.9012,0.1926,1.2747,3763
^SPX,2024-01-24 16:15:00,SPX,2024-02-16,2060.000,P,3.5074,3.5144,3.5003,3.5074,93,0,3.4574,250,3.5574,4868.3700,4869.5000,0.0000,4868.9350,1.4580,-0.0055,0.0000,-0.6146,0.1926,-0.0191,4836
^SPX,2024-01-24 16:00:00,SPX,2024-02-16,2070.000,C,2809.1877,2814.8061,2803.5693,2809.1877,28,15,2788.1188,740,2830.2566,4868.3700,4869.5000,0.0000,4868.9350,1.4456,0.9946,0.0000,-0.8894,0.1900,1.2813,2787
^SPX,2024-01-24 16:15:00,SPX,2024-02-16,2070.000,P,3.4160,3.4228,3.4092,3.4160,82,100,3.3660,740,3.4660,4868.3700,4869.5000,0.0000,4868.9350,1.4456,-0.0054,0.0000,-0.6012,0.1900,-0.0188,821
^SPX,2024-01-24 16:00:00,SPX,2024-02-16,2080.000,C,2799.1316,2804.7299,2793.5334,2799.1316,0,15,2778.1381,740,2820.1251,4868.3700,4869.5000,0.0000,4868.9350,1.4333,0.9947,0.0000,-0.8779,0.1874,1.2879,1607
^SPX,2024-01-24 16:00:00,SPX,2024-02-16,2080.000,P,3.3269,3.3336,3.3203,3.3269,114,100,3.2769,100,3.3769,4868.3700,4869.5000,0.0000,4868.9350,1.4333,-0.0053,0.0000,-0.5881,0.1874,-0.0185,1506
^SPX,2024-01-24 16:15:00,SPX,2024-02-16,2090.000,C,2789.0778,2794.6560,2783.4997,2789.0778,54,15,2768.1597,250,2809.9959,4868.3700,4869.5000,0.0000,4868.9350,1.4211,0.9947,0.0000,-0.8666,0.1849,1.2945,1370
^SPX,2024-01-24 16:00:00,SPX,2024-02-16,2090.000,P,3.2401,3.2466,3.2336,3.2401,114,31,3.1901,670,3.2901,4868.3700,4869.5000,0.0000,4868.9350,1.4211,-0.0053,0.0000,-0.5753,0.1849,-0.0182,4063
^SPX,2024-01-24 16:00:00,SPX,2024-02-16,2100.000,C,2779.0262,2784.5843,2773.4682,2779.0262,118,100,2758.1835,100,2799.8689,4868.3700,4869.5000,0.0000,4868.9350,1.4091,0.9948,0.0000,-0.8555,0.1823,1.3010,3710
^SPX,2024-01-24 16:15:00,SPX,2024-02-16,2100.000,P,3.1554,3.1617,3.1491,3.1554,105,250,3.1054,250,3.2054,4868.3700,4869.5000,0.0000,4868.9350,1.4091,-0.0052,0.0000,-0.5626,0.1823,-0.0179,25
^SPX,2024-01-24 16:15:00,SPX,2024-02-16,2110.000,C,2768.9767,2774.5147,2763.4388,2768.9767,106,0,2748.2094,250,2789.7441,4868.3700,4869.5000,0.0000,4868.9350,1.3971,0.9949,0.0000,-0.8448,0.1799,1.3076,1494
^SPX,2024-01-24 16:15:00,SPX,2024-02-16,2110.000,P,3.0729,3.0791,3.0668,3.0729,46,31,3.0229,250,3.1229,4868.3700,4869.5000,0.0000,4868.9350,1.3971,-0.0051,0.0000,-0.5503,0.1799,-0.0176,3809
^SPX,2024-01-24 16:00:00,SPX,2024-02-16,2120.000,C,2758.9293,2764.4472,2753.4115,2758.9293,32,100,2738.2374,30,2779.6213,4868.3700,4869.5000,0.0000,4868.9350,1.3853,0.9950,0.0000,-0.8342,0.1774,1.3142,4920
^SPX,2024-01-24 16:00:00,SPX,2024-02-16,2120.000,P,2.9925,2.9985,2.9865,2.9925,150,0,2.9425,740,3.0425,4868.3700,4869.5000,0.0000,4868.9350,1.3853,-0.0050,0.0000,-0.5382,0.1774,-0.0173,2119
^SPX,2024-01-24 16:00:00,SPX,2024-02-16,2130.000,C,2748.8840,2754.3818,2743.3862,2748.8840,144,31,2728.2674,670,2769.5006,4868.3700,4869.5000,0.0000,4868.9350,1.3736,0.9951,0.0000,-0.8240,0.1750,1.3208,856
^SPX,2024-01-24 16:00:00,SPX,2024-02-16,2130.000,P,2.9141,2.9200,2.9083,2.9141,91,15,2.8641,740,2.9641,4868.3700,4869.5000,0.0000,4868.9350,1.3736,-0.0049,0.0000,-0.5264,0.1750,-0.0170,2307
^SPX,2024-01-24 16:00:00,SPX,2024-02-16,2140.000,C,2738.8406,2744.3183,2733.3630,2738.8406,122,0,2718.2993,15,2759.3820,4868.3700,4869.5000,0.0000,4868.9350,1.3620,0.9951,0.0000,-0.8139,0.1726,1.3273,4499
^SPX,2024-01-24 16:15:00,SPX,2024-02-16,2140.000,P,2.8378,2.8434,2.8321,2.8378,77,0,2.7878,30,2.8878,4868.3700,4869.5000,0.0000,4868.9350,1.3620,-0.0049,0.0000,-0.5148,0.1726,-0.0167,3328
^SPX,2024-01-24 16:00:00,SPX,2024-02-16,2150.000,C,2728.7992,2734.2568,2723.3416,2728.7992,124,31,2708.3332,250,2749.2652,4868.3700,4869.5000,0.0000,4868.9350,1.3505,0.9952,0.0000,-0.8041,0.1702,1.3339,4885
^SPX,2024-01-24 16:00:00,SPX,2024-02-16,2150.000,P,2.7633,2.7688,2.7578,2.7633,79,250,2.7133,670,2.8133,4868.3700,4869.5000,0.0000,4868.9350,1.3505,-0.0048,0.0000,-0.5034,0.1702,-0.0164,2030
^SPX,2024-01-24 16:00:00,SPX,2024-02-16,2160.000,C,2718.7597,2724.1973,2713.3222,2718.7597,50,15,2698.3690,15,2739.1504,4868.3700,4869.5000,0.0000,4868.9350,1.3391,0.9953,0.0000,-0.7945,0.1678,1.3404,3669
^SPX,2024-01-24 16:00:00,SPX,2024-02-16,2160.000,P,2.6908,2.6962,2.6854,2.6908,0,500,2.6408,15,2.7408,4868.3700,4869.5000,0.0000,4868.9350,1.3391,-0.0047,0.0000,-0.4923,0.1678,-0.0162,2215
^SPX,2024-01-24 16:00:00,SPX,2024-02-16,2170.000,C,2708.7221,2714.1395,2703.3046,2708.7221,71,100,2688.4067,100,2729.0375,4868.3700,4869.5000,0.0000,4868.9350,1.3278,0.9954,0.0000,-0.7852,0.1655,1.3470,3433
^SPX,2024-01-24 16:00:00,SPX,2024-02-16,2170.000,P,2.6201,2.6254,2.6149,2.6201,92,31,2.5701,670,2.6701,4868.3700,4869.5000,0.0000,4868.9350,1.3278,-0.0046,0.0000,-0.4814,0.1655,-0.0159,1686
^SPX,2024-01-24 16:00:00,SPX,2024-02-16,2180.000,C,2698.6863,2704.0836,2693.2889,2698.6863,4,0,2678.4461,670,2718.9264,4868.3700,4869.5000,0.0000,4868.9350,1.3166,0.9954,0.0000,-0.7761,0.1632,1.3535,1208
^SPX,2024-01-24 16:00:00,SPX,2024-02-16,2180.000,P,2.5513,2.5564,2.5461,2.5513,12,15,2.5013,250,2.6013,4868.3700,4869.5000,0.0000,4868.9350,1.3166,-0.0046,0.0000,-0.4707,0.1632,-0.0156,1873
^SPX,2024-01-24 16:15:00,SPX,2024-02-16,2190.000,C,2688.6522,2694.0295,2683.2749,2688.6522,52,15,2668.4873,30,2708.8171,4868.3700,4869.5000,0.0000,4868.9350,1.3055,0.9955,0.0000,-0.7672,0.1609,1.3601,1201
^SPX,2024-01-24 16:15:00,SPX,2024-02-16,2190.000,P,2.4842,2.4891,2.4792,2.4842,122,250,2.4342,670,2.5342,4868.3700,4869.5000,0.0000,4868.9350,1.3055,-0.0045,0.0000,-0.4602,0.1609,-0.0154,3916
^SPX,2024-01-24 16:15:00,SPX,2024-02-16,2200.000,C,2678.6198,2683.9771,2673.2626,2678.6198,87,31,2658.5302,100,2698.7095,4868.3700,4869.5000,0.0000,4868.9350,1.2945,0.9956,0.0000,-0.7585,0.1587,1.3666,4160
^SPX,2024-01-24 16:00:00,SPX,2024-02-16,2200.000,P,2.4188,2.4236,2.4140,2.4188,96,250,2.3688,15,2.4688,4868.3700,4869.5000,0.0000,4868.9350,1.2945,-0.0044,0.0000,-0.4500,0.1587,-0.0151,3899
^SPX,2024-01-24 16:15:00,SPX,2024-02-16,2210.000,C,2668.5892,2673.9264,2663.2520,2668.5892,53,0,2648.5748,250,2688.6036,4868.3700,4869.5000,0.0000,4868.9350,1.2836,0.9956,0.0000,-0.7500,0.1565,1.3731,1710
^SPX,2024-01-24 16:15:00,SPX,2024-02-16,2210.000,P,2.3551,2.3598,2.3504,2.3551,44,100,2.3051,15,2.4051,4868.3700,4869.5000,0.0000,4868.9350,1.2836,-0.0044,0.0000,-0.4400,0.1565,-0.0149,2846
^SPX,2024-01-24 16:00:00,SPX,2024-02-16,2220.000,C,2658.5602,2663.8773,2653.2431,2658.5602,22,15,2638.6210,100,2678.4994,4868.3700,4869.5000,0.0000,4868.9350,1.2728,0.9957,0.0000,-0.7418,0.1543,1.3797,2382
^SPX,2024-01-24 16:00:00,SPX,2024-02-16,2220.000,P,2.2931,2.2977,2.2885,2.2931,36,31,2.2431,670,2.3431,4868.3700,4869.5000,0.0000,4868.9350,1.2728,-0.0043,0.0000,-0.4302,0.1543,-0.0146,1086
^SPX,2024-01-24 16:15:00,SPX,2024-02-16,2230.000,C,2648.5328,2653.8298,2643.2357,2648.5328,33,100,2628.6688,250,2668.3968,4868.3700,4869.5000,0.0000,4868.9350,1.2622,0.9958,0.0000,-0.7337,0.1521,1.3862,335
^SPX,2024-01-24 16:15:00,SPX,2024-02-16,2230.000,P,2.2326,2.2371,2.2282,2.2326,24,250,2.1826,740,2.2826,4868.3700,4869.5000,0.0000,4868.9350,1.2622,-0.0042,0.0000,-0.4206,0.1521,-0.0144,2771
^SPX,2024-01-24 16:00:00,SPX,2024-02-16,2240.000,C,2638.5069,2643.7840,2633.2299,2638.5069,26,250,2618.7181,100,2658.2957,4868.3700,4869.5000,0.0000,4868.9350,1.2516,0.9958,0.0000,-0.7259,0.1499,1.3927,1493
^SPX,2024-01-24 16:00:00,SPX,2024-02-16,2240.000,P,2.1738,2.1781,2.1694,2.1738,66,100,2.1238,100,2.2238,4868.3700,4869.5000,0.0000,4868.9350,1.2516,-0.0042,0.0000,-0.4112,0.1499,-0.0141,784
^SPX,2024-01-24 16:00:00,SPX,2024-02-16,2250.000,C,2628.4826,2633.7396,2623.2257,2628.4826,136,15,2608.7690,30,2648.1963,4868.3700,4869.5000,0.0000,4868.9350,1.2411,0.9959,0.0000,-0.7182,0.1478,1.3992,416
^SPX,2024-01-24 16:00:00,SPX,2024-02-16,2250.000,P,2.1164,2.1207,2.1122,2.1164,44,250,2.0664,15,2.1664,4868.3700,4869.5000,0.0000,4868.9350,1.2411,-0.0041,0.0000,-0.4020,0.1478,-0.0139,2990
^SPX,2024-01-24 16:15:00,SPX,2024-02-16,2260.000,C,2618.4598,2623.6967,2613.2229,2618.4598,19,250,2598.8214,250,2638.0983,4868.3700,4869.5000,0.0000,4868.9350,1.2306,0.9960,0.0000,-0.7108,0.1457,1.4057,583
^SPX,2024-01-24 16:15:00,SPX,2024-02-16,2260.000,P,2.0606,2.0647,2.0565,2.0606,83,31,2.0106,670,2.1106,4868.3700,4869.5000,0.0000,4868.9350,1.2306,-0.0040,0.0000,-0.3930,0.1457,-0.0137,2461
^SPX,2024-01-24 16:15:00,SPX,2024-02-16,2270.000,C,2608.4385,2613.6553,2603.2216,2608.4385,10,500,2588.8752,250,2628.0018,4868.3700,4869.5000,0.0000,4868.9350,1.2203,0.9960,0.0000,-0.7035,0.1437,1.4123,2237
^SPX,2024-01-24 16:00:00,SPX,2024-02-16,2270.000,P,2.0062,2.0102,2.0022,2.0062,96,500,1.9562,15,2.0562,4868.3700,4869.5000,0.0000,4868.9350,1.2203,-0.0040,0.0000,-0.3842,0.1437,-0.0134,4152
^SPX,2024-01-24 16:15:00,SPX,2024-02-16,2280.000,C,2598.4185,2603.6154,2593.2217,2598.4185,71,250,2578.9304,30,2617.9067,4868.3700,4869.5000,0.0000,4868.9350,1.2101,0.9961,0.0000,-0.6964,0.1416,1.4188,799
^SPX,2024-01-24 16:15:00,SPX,2024-02-16,2280.000,P,1.9533,1.9572,1.9494,1.9533,98,0,1.9033,15,2.0033,4868.3700,4869.5000,0.0000,4868.9350,1.2101,-0.0039,0.0000,-0.3756,0.1416,-0.0132,1646
^SPX,2024-01-24 16:15:00,SPX,2024-02-16,2290.000,C,2588.4000,2593.5768,2583.2232,2588.4000,52,31,2568.9870,670,2607.8130,4868.3700,4869.5000,0.0000,4868.9350,1.2000,0.9962,0.0000,-0.6895,0.1396,1.4253,757
^SPX,2024-01-24 16:15:00,SPX,2024-02-16,2290.000,P,1.9017,1.9055,1.8979,1.9017,110,31,1.8517,250,1.9517,4868.3700,4869.5000,0.0000,4868.9350,1.2000,-0.0038,0.0000,-0.3671,0.1396,-0.0130,4680
^SPX,2024-01-24 16:00:00,SPX,2024-02-16,2300.000,C,2578.3828,2583.5396,2573.2260,2578.3828,49,0,2559.0449,740,2597.7207,4868.3700,4869.5000,0.0000,4868.9350,1.1899,0.9962,0.0000,-0.6828,0.1376,1.4318,4456
^SPX,2024-01-24 16:15:00,SPX,2024-02-16,2300.000,P,1.8515,1.8552,1.8478,1.8515,21,250,1.8015,670,1.9015,4868.3700,4869.5000,0.0000,4868.9350,1.1899,-0.0038,0.0000,-0.3589,0.1376,-0.0128,2814
^SPX,2024-01-24 16:00:00,SPX,2024-02-16,2310.000,C,2568.3669,2573.5036,2563.2302,2568.3669,24,500,2549.1042,250,2587.6297,4868.3700,4869.5000,0.0000,4868.9350,1.1800,0.9963,0.0000,-0.6763,0.1356,1.4383,3872
^SPX,2024-01-24 16:00:00,SPX,2024-02-16,2310.000,P,1.8026,1.8062,1.7990,1.8026,107,31,1.7526,740,1.8526,4868.3700,4869.5000,0.0000,4868.9350,1.1800,-0.0037,0.0000,-0.3508,0.1356,-0.0125,3509
^SPX,2024-01-24 16:15:00,SPX,2024-02-16,2320.000,C,2558.3523,2563.4690,2553.2356,2558.3523,1,250,2539.1647,250,2577.5400,4868.3700,4869.5000,0.0000,4868.9350,1.1701,0.9963,0.0000,-0.6699,0.1337,1.4448,2473
^SPX,2024-01-24 16:00:00,SPX,2024-02-16,2320.000,P,1.7549,1.7585,1.7514,1.7549,58,15,1.7049,670,1.8049,4868.3700,4869.5000,0.0000,4868.9350,1.1701,-0.0037,0.0000,-0.3429,0.1337,-0.0123,55
^SPX,2024-01-24 16:15:00,SPX,2024-02-16,2330.000,C,2548.3390,2553.4357,2543.2423,2548.3390,71,15,2529.2265,15,2567.4515,4868.3700,4869.5000,0.0000,4868.9350,1.1603,0.9964,0.0000,-0.6637,0.1318,1.4512,2953
^SPX,2024-01-24 16:15:00,SPX,2024-02-16,2330.000,P,1.7086,1.7120,1.7052,1.7086,42,0,1.6586,15,1.7586,4868.3700,4869.5000,0.0000,4868.9350,1.1603,-0.0036,0.0000,-0.3352,0.1318,-0.0121,4299
^SPX,2024-01-24 16:15:00,SPX,2024-02-16,2340.000,C,2538.3269,2543.4035,2533.2502,2538.3269,146,100,2519.2894,30,2557.3643,4868.3700,4869.5000,0.0000,4868.9350,1.1506,0.9965,0.0000,-0.6577,0.1299,1.4577,3990
^SPX,2024-01-24 16:15:00,SPX,2024-02-16,2340.000,P,1.6634,1.6668,1.6601,1.6634,30,15,1.6134,100,1.7134,4868.3700,4869.5000,0.0000,4868.9350,1.1506,-0.0035,0.0000,-0.3277,0.1299,-0.0119,3402
^SPX,2024-01-24 16:00:00,SPX,2024-02-16,2350.000,C,2528.3160,2533.3726,2523.2593,2528.3160,1,0,2509.3536,100,2547.2783,4868.3700,4869.5000,0.0000,4868.9350,1.1410,0.9965,0.0000,-0.6518,0.1280,1.4642,4591
^SPX,2024-01-24 16:00:00,SPX,2024-02-16,2350.000,P,1.6195,1.6227,1.6163,1.6195,130,250,1.5695,100,1.6695,4868.3700,4869.5000,0.0000,4868.9350,1.1410,-0.0035,0.0000,-0.3203,0.1280,-0.0117,2951
^SPX,2024-01-24 16:00:00,SPX,2024-02-16,2360.000,C,2518.3062,2523.3428,2513.2696,2518.3062,6,100,2499.4189,670,2537.1935,4868.3700,4869.5000,0.0000,4868.9350,1.1315,0.9966,0.0000,-0.6461,0.1262,1.4707,4851
^SPX,2024-01-24 16:15:00,SPX,2024-02-16,2360.000,P,1.5767,1.5799,1.5736,1.5767,130,31,1.5267,30,1.6267,4868.3700,4869.5000,0.0000,4868.9350,1.1315,-0.0034,0.0000,-0.3130,0.1262,-0.0115,407
^SPX,2024-01-24 16:00:00,SPX,2024-02-16,2370.000,C,2508.2976,2513.3142,2503.2810,2508.2976,96,250,2489.4854,30,2527.1099,4868.3700,4869.5000,0.0000,4868.9350,1.1220,0.9966,0.0000,-0.6406,0.1244,1.4772,697
^SPX,2024-01-24 16:00:00,SPX,2024-02-16,2370.000,P,1.5351,1.5382,1.5320,1.5351,45,500,1.4851,100,1.5851,4868.3700,4869.5000,0.0000,4868.9350,1.1220,-0.0034,0.0000,-0.3060,0.1244,-0.0113,137
^SPX,2024-01-24 16:00:00,SPX,2024-02-16,2380.000,C,2498.2901,2503.2867,2493.2935,2498.2901,49,31,2479.5529,250,2517.0273,4868.3700,4869.5000,0.0000,4868.9350,1.1127,0.9967,0.0000,-0.6352,0.1226,1.4836,4703
^SPX,2024-01-24 16:00:00,SPX,2024-02-16,2380.000,P,1.4946,1.4976,1.4916,1.4946,73,500,1.4446,670,1.5446,4868.3700,4869.5000,0.0000,4868.9350,1.1127,-0.0033,0.0000,-0.2991,0.1226,-0.0111,475
^SPX,2024-01-24 16:15:00,SPX,2024-02-16,2390.000,C,2488.2837,2493.2603,2483.3071,2488.2837,130,500,2469.6216,15,2506.9458,4868.3700,4869.5000,0.0000,4868.9350,1.1034,0.9967,0.0000,-0.6299,0.1208,1.4901,4271
^SPX,2024-01-24 16:15:00,SPX,2024-02-16,2390.000,P,1.4551,1.4580,1.4522,1.4551,26,500,1.4051,30,1.5051,4868.3700,4869.5000,0.0000,4868.9350,1.1034,-0.0033,0.0000,-0.2923,0.1208,-0.0109,2304
^SPX,2024-01-24 16:00:00,SPX,2024-02-16,2400.000,C,2478.2783,2483.2349,2473.3218,2478.2783,32,15,2459.6912,30,2496.8654,4868.3700,4869.5000,0.0000,4868.9350,1.0942,0.9968,0.0000,-0.6249,0.1191,1.4966,1009
^SPX,2024-01-24 16:00:00,SPX,2024-02-16,2400.000,P,1.4167,1.4196,1.4139,1.4167,132,500,1.3667,670,1.4667,4868.3700,4869.5000,0.0000,4868.9350,1.0942,-0.0032,0.0000,-0.2857,0.1191,-0.0108,4906
^SPX,2024-01-24 16:00:00,SPX,2024-02-16,2410.000,C,2468.2740,2473.2105,2463.3374,2468.2740,66,31,2449.7619,250,2486.7860,4868.3700,4869.5000,0.0000,4868.9350,1.0851,0.9968,0.0000,-0.6199,0.1174,1.5030,2093
^SPX,2024-01-24 16:15:00,SPX,2024-02-16,2410.000,P,1.3793,1.3821,1.3766,1.3793,107,250,1.3293,250,1.4293,4868.3700,4869.5000,0.0000,4868.9350,1.0851,-0.0032,0.0000,-0.2793,0.1174,-0.0106,4287
^SPX,2024-01-24 16:00:00,SPX,2024-02-16,2420.000,C,2458.2706,2463.1872,2453.3541,2458.2706,20,0,2439.8336,15,2476.7077,4868.3700,4869.5000,0.0000,4868.9350,1.0761,0.9969,0.0000,-0.6151,0.1157,1.5095,4148
^SPX,2024-01-24 16:00:00,SPX,2024-02-16,2420.000,P,1.3430,1.3457,1.3403,1.3430,39,250,1.2930,15,1.3930,4868.3700,4869.5000,0.0000,4868.9350,1.0761,-0.0031,0.0000,-0.2729,0.1157,-0.0104,966
^SPX,2024-01-24 16:15:00,SPX,2024-02-16,2430.000,C,2448.2683,2453.1648,2443.3717,2448.2683,54,500,2429.9063,100,2466.6303,4868.3700,4869.5000,0.0000,4868.9350,1.0671,0.9969,0.0000,-0.6105,0.1140,1.5159,912
^SPX,2024-01-24 16:00:00,SPX,2024-02-16,2430.000,P,1.3076,1.3102,1.3050,1.3076,102,31,1.2576,740,1.3576,4868.3700,4869.5000,0.0000,4868.9350,1.0671,-0.0031,0.0000,-0.2668,0.1140,-0.0102,3463
^SPX,2024-01-24 16:15:00,SPX,2024-02-16,2440.000,C,2438.2669,2443.1434,2433.3903,2438.2669,18,100,2419.9799,100,2456.5539,4868.3700,4869.5000,0.0000,4868.9350,1.0582,0.9970,0.0000,-0.6059,0.1123,1.5224,2682
^SPX,2024-01-24 16:00:00,SPX,2024-02-16,2440.000,P,1.2731,1.2757,1.2706,1.2731,116,0,1.2231,100,1.3231,4868.3700,4869.5000,0.0000,4868.9350,1.0582,-0.0030,0.0000,-0.2607,0.1123,-0.0101,4026
^SPX,2024-01-24 16:00:00,SPX,2024-02-16,2450.000,C,2428.2664,2433.1229,2423.4098,2428.2664,78,500,2410.0544,100,2446.4784,4868.3700,4869.5000,0.0000,4868.9350,1.0494,0.9970,0.0000,-0.6016,0.1107,1.5289,2142
^SPX,2024-01-24 16:15:00,SPX,2024-02-16,2450.000,P,1.2396,1.2421,1.2372,1.2396,66,100,1.1896,740,1.2896,4868.3700,4869.5000,0.0000,4868.9350,1.0494,-0.0030,0.0000,-0.2548,0.1107,-0.0099,522
^SPX,2024-01-24 16:00:00,SPX,2024-02-16,2460.000,C,2418.2668,2423.1033,2413.4303,2418.2668,59,15,2400.1298,670,2436.4038,4868.3700,4869.5000,0.0000,4868.9350,1.0407,0.9971,0.0000,-0.5973,0.1091,1.5353,1883
^SPX,2024-01-24 16:00:00,SPX,2024-02-16,2460.000,P,1.2070,1.2094,1.2046,1.2070,140,500,1.1570,670,1.2570,4868.3700,4869.5000,0.0000,4868.9350,1.0407,-0.0029,0.0000,-0.2491,0.1091,-0.0097,1731
^SPX,2024-01-24 16:00:00,SPX,2024-02-16,2470.000,C,2408.2681,2413.0846,2403.4516,2408.2681,104,500,2390.2061,15,2426.3301,4868.3700,4869.5000,0.0000,4868.9350,1.0320,0.9971,0.0000,-0.5932,0.1075,1.5417,764
^SPX,2024-01-24 16:15:00,SPX,2024-02-16,2470.000,P,1.1753,1.1776,1.1729,1.1753,18,0,1.1253,250,1.2253,4868.3700,4869.5000,0.0000,4868.9350,1.0320,-0.0029,0.0000,-0.2434,0.1075,-0.0096,4341
^SPX,2024-01-24 16:00:00,SPX,2024-02-16,2480.000,C,2398.2702,2403.0668,2393.4737,2398.2702,7,31,2380.2832,30,2416.2573,4868.3700,4869.5000,0.0000,4868.9350,1.0234,0.9972,0.0000,-0.5892,0.1060,1.5482,1855
^SPX,2024-01-24 16:00:00,SPX,2024-02-16,2480.000,P,1.1444,1.1467,1.1421,1.1444,90,100,1.0944,250,1.1944,4868.3700,4869.5000,0.0000,4868.9350,1.0234,-0.0028,0.0000,-0.2379,0.1060,-0.0094,702
^SPX,2024-01-24 16:00:00,SPX,2024-02-16,2490.000,C,2388.2732,2393.0498,2383.4967,2388.2732,103,31,2370.3612,30,2406.1853,4868.3700,4869.5000,0.0000,4868.9350,1.0149,0.9972,0.0000,-0.5853,0.1045,1.5546,1210
^SPX,2024-01-24 16:15:00,SPX,2024-02-16,2490.000,P,1.1144,1.1166,1.1122,1.1144,14,100,1.0644,30,1.1644,4868.3700,4869.5000,0.0000,4868.9350,1.0149,-0.0028,0.0000,-0.2326,0.1045,-0.0092,664
^SPX,2024-01-24 16:00:00,SPX,2024-02-16,2500.000,C,2378.2771,2383.0336,2373.5205,2378.2771,40,31,2360.4400,250,2396.1141,4868.3700,4869.5000,0.0000,4868.9350,1.0065,0.9973,0.0000,-0.5816,0.1029,1.5611,286
^SPX,2024-01-24 16:00:00,SPX,2024-02-16,2500.000,P,1.0852,1.0873,1.0830,1.0852,40,0,1.0352,15,1.1352,4868.3700,4869.5000,0.0000,4868.9350,1.0065,-0.0027,0.0000,-0.2273,0.1029,-0.0091,384
^SPX,2024-01-24 16:15:00,SPX,2024-02-16,2510.000,C,2368.2817,2373.0182,2363.5451,2368.2817,129,500,2350.5195,30,2386.0438,4868.3700,4869.5000,0.0000,4868.9350,0.9981,0.9973,0.0000,-0.5779,0.1015,1.5675,250
^SPX,2024-01-24 16:00:00,SPX,2024-02-16,2510.000,P,1.0567,1.0589,1.0546,1.0567,81,0,1.0067,15,1.1067,4868.3700,4869.5000,0.0000,4868.9350,0.9981,-0.0027,0.0000,-0.2222,0.1015,-0.0089,2442
^SPX,2024-01-24 16:15:00,SPX,2024-02-16,2520.000,C,2358.2870,2363.0036,2353.5705,2358.2870,52,31,2340.5999,740,2375.9742,4868.3700,4869.5000,0.0000,4868.9350,0.9898,0.9973,0.0000,-0.5744,0.1000,1.5739,942
^SPX,2024-01-24 16:15:00,SPX,2024-02-16,2520.000,P,1.0291,1.0312,1.0270,1.0291,73,15,0.9791,740,1.0791,4868.3700,4869.5000,0.0000,4868.9350,0.9898,-0.0027,0.0000,-0.2172,0.1000,-0.0088,1092
^SPX,2024-01-24 16:15:00,SPX,2024-02-16,2530.000,C,2348.2932,2352.9897,2343.5966,2348.2932,11,15,2330.6810,250,2365.9054,4868.3700,4869.5000,0.0000,4868.9350,0.9816,0.9974,0.0000,-0.5710,0.0985,1.5803,632
^SPX,2024-01-24 16:15:00,SPX,2024-02-16,2530.000,P,1.0022,1.0042,1.0002,1.0022,10,100,0.9522,100,1.0522,4868.3700,4869.5000,0.0000,4868.9350,0.9816,-0.0026,0.0000,-0.2123,0.0985,-0.0086,2252
^SPX,2024-01-24 16:15:00,SPX,2024-02-16,2540.000,C,2338.3000,2342.9766,2333.6234,2338.3000,41,100,2320.7628,250,2355.8373,4868.3700,4869.5000,0.0000,4868.9350,0.9735,0.9974,0.0000,-0.5677,0.0971,1.5868,4184
^SPX,2024-01-24 16:00:00,SPX,2024-02-16,2540.000,P,0.9760,0.9780,0.9741,0.9760,50,250,0.9260,740,1.0260,4868.3700,4869.5000,0.0000,4868.9350,0.9735,-0.0026,0.0000,-0.2075,0.0971,-0.0085,1519
^SPX,2024-01-24 16:15:00,SPX,2024-02-16,2550.000,C,2328.3076,2332.9642,2323.6510,2328.3076,11,0,2310.8453,670,2345.7699,4868.3700,4869.5000,0.0000,4868.9350,0.9654,0.9975,0.0000,-0.5646,0.0957,1.5932,2067
^SPX,2024-01-24 16:15:00,SPX,2024-02-16,2550.000,P,0.9506,0.9525,0.9487,0.9506,65,31,0.9006,15,1.0006,4868.3700,4869.5000,0.0000,4868.9350,0.9654,-0.0025,0.0000,-0.2028,0.0957,-0.0083,3699
^SPX,2024-01-24 16:15:00,SPX,2024-02-16,2560.000,C,2318.3159,2322.9525,2313.6793,2318.3159,64,250,2300.9285,740,2335.7033,4868.3700,4869.5000,0.0000,4868.9350,0.9574,0.9975,0.0000,-0.5615,0.0944,1.5996,1020
^SPX,2024-01-24 16:15:00,SPX,2024-02-16,2560.000,P,0.9258,0.9277,0.9240,0.9258,30,250,0.8758,15,0.9758,4868.3700,4869.5000,0.0000,4868.9350,0.9574,-0.0025,0.0000,-0.1982,0.0944,-0.0082,2695
^SPX,2024-01-24 16:15:00,SPX,2024-02-16,2570.000,C,2308.3248,2312.9415,2303.7082,2308.3248,146,0,2291.0124,740,2325.6373,4868.3700,4869.5000,0.0000,4868.9350,0.9494,0.9976,0.0000,-0.5585,0.0930,1.6060,4275
^SPX,2024-01-24 16:00:00,SPX,2024-02-16,2570.000,P,0.9018,0.9036,0.9000,0.9018,0,15,0.8518,15,0.9518,4868.3700,4869.5000,0.0000,4868.9350,0.9494,-0.0024,0.0000,-0.1938,0.0930,-0.0081,3811
^SPX,2024-01-24 16:15:00,SPX,2024-02-16,2580.000,C,2298.3345,2302.9311,2293.7378,2298.3345,33,250,2281.0970,100,2315.5720,4868.3700,4869.5000,0.0000,4868.9350,0.9415,0.9976,0.0000,-0.5557,0.0917,1.6124,4890
^SPX,2024-01-24 16:00:00,SPX,2024-02-16,2580.000,P,0.8784,0.8801,0.8766,0.8784,128,15,0.8284,740,0.9284,4868.3700,4869.5000,0.0000,4868.9350,0.9415,-0.0024,0.0000,-0.1894,0.0917,-0.0079,3599
^SPX,2024-01-24 16:00:00,SPX,2024-02-16,2590.000,C,2288.3447,2292.9214,2283.7680,2288.3447,112,31,2271.1821,250,2305.5073,4868.3700,4869.5000,0.0000,4868.9350,0.9337,0.9976,0.0000,-0.5529,0.0903,1.6189,2421
^SPX,2024-01-24 16:00:00,SPX,2024-02-16,2590.000,P,0.8556,0.8573,0.8539,0.8556,77,15,0.8056,250,0.9056,4868.3700,4869.5000,0.0000,4868.9350,0.9337,-0.0024,0.0000,-0.1852,0.0903,-0.0078,3861
^SPX,2024-01-24 16:00:00,SPX,2024-02-16,2600.000,C,2278.3556,2282.9123,2273.7989,2278.3556,68,250,2261.2679,100,2295.4433,4868.3700,4869.5000,0.0000,4868.9350,0.9260,0.9977,0.0000,-0.5503,0.0891,1.6253,1515
^SPX,2024-01-24 16:00:00,SPX,2024-02-16,2600.000,P,0.8335,0.8351,0.8318,0.8335,35,100,0.7835,670,0.8835,4868.3700,4869.5000,0.0000,4868.9350,0.9260,-0.0023,0.0000,-0.1810,0.0891,-0.0077,4396
^SPX,2024-01-24 16:00:00,SPX,2024-02-16,2610.000,C,2268.3671,2272.9038,2263.8304,2268.3671,67,31,2251.3544,15,2285.3799,4868.3700,4869.5000,0.0000,4868.9350,0.9183,0.9977,0.0000,-0.5477,0.0878,1.6317,101
^SPX,2024-01-24 16:15:00,SPX,2024-02-16,2610.000,P,0.8119,0.8136,0.8103,0.8119,42,15,0.7619,15,0.8619,4868.3700,4869.5000,0.0000,4868.9350,0.9183,-0.0023,0.0000,-0.1770,0.0878,-0.0076,1139
^SPX,2024-01-24 16:15:00,SPX,2024-02-16,2620.000,C,2258.3792,2262.8960,2253.8625,2258.3792,114,250,2241.4414,100,2275.3171,4868.3700,4869.5000,0.0000,4868.9350,0.9107,0.9977,0.0000,-0.5452,0.0865,1.6381,2322
^SPX,2024-01-24 16:00:00,SPX,2024-02-16,2620.000,P,0.7910,0.7926,0.7894,0.7910,6,100,0.7410,250,0.8410,4868.3700,4869.5000,0.0000,4868.9350,0.9107,-0.0023,0.0000,-0.1730,0.0865,-0.0074,715
^SPX,2024-01-24 16:00:00,SPX,2024-02-16,2630.000,C,2248.3919,2252.8887,2243.8951,2248.3919,124,0,2231.5289,740,2265.2548,4868.3700,4869.5000,0.0000,4868.9350,0.9031,0.9978,0.0000,-0.5428,0.0853,1.6445,2831
^SPX,2024-01-24 16:00:00,SPX,2024-02-16,2630.000,P,0.7706,0.7722,0.7691,0.7706,105,31,0.7206,100,0.8206,4868.3700,4869.5000,0.0000,4868.9350,0.9031,-0.0022,0.0000,-0.1691,0.0853,-0.0073,1587
^SPX,2024-01-24 16:15:00,SPX,2024-02-16,2640.000,C,2238.4051,2242.8819,2233.9283,2238.4051,90,500,2221.6171,250,2255.1932,4868.3700,4869.5000,0.0000,4868.9350,0.8956,0.9978,0.0000,-0.5406,0.0841,1.6509,4666
^SPX,2024-01-24 16:15:00,SPX,2024-02-16,2640.000,P,0.7509,0.7524,0.7494,0.7509,150,500,0.7009,100,0.8009,4868.3700,4869.5000,0.0000,4868.9350,0.8956,-0.0022,0.0000,-0.1654,0.0841,-0.0072,1378
^SPX,2024-01-24 16:00:00,SPX,2024-02-16,2650.000,C,2228.4189,2232.8758,2223.9621,2228.4189,23,31,2211.7058,740,2245.1321,4868.3700,4869.5000,0.0000,4868.9350,0.8882,0.9978,0.0000,-0.5384,0.0829,1.6573,586
^SPX,2024-01-24 16:15:00,SPX,2024-02-16,2650.000,P,0.7316,0.7331,0.7302,0.7316,139,100,0.6816,30,0.7816,4868.3700,4869.5000,0.0000,4868.9350,0.8882,-0.0022,0.0000,-0.1617,0.0829,-0.0071,2203
^SPX,2024-01-24 16:00:00,SPX,2024-02-16,2660.000,C,2218.4332,2222.8701,2213.9964,2218.4332,28,100,2201.7950,740,2235.0715,4868.3700,4869.5000,0.0000,4868.9350,0.8809,0.9979,0.0000,-0.5363,0.0817,1.6637,2543
^SPX,2024-01-24 16:15:00,SPX,2024-02-16,2660.000,P,0.7129,0.7143,0.7115,0.7129,141,0,0.6629,30,0.7629,4868.3700,4869.5000,0.0000,4868.9350,0.8809,-0.0021,0.0000,-0.1581,0.0817,-0.0070,837
^SPX,2024-01-24 16:15:00,SPX,2024-02-16,2670.000,C,2208.4481,2212.8650,2204.0312,2208.4481,120,0,2191.8847,670,2225.0114,4868.3700,4869.5000,0.0000,4868.9350,0.8735,0.9979,0.0000,-0.5342,0.0806,1.6701,3275
^SPX,2024-01-24 16:00:00,SPX,2024-02-16,2670.000,P,0.6947,0.6961,0.6933,0.6947,19,31,0.6447,740,0.7447,4868.3700,4869.5000,0.0000,4868.9350,0.8735,-0.0021,0.0000,-0.1546,0.0806,-0.0068,2399
^SPX,2024-01-24 16:00:00,SPX,2024-02-16,2680.000,C,2198.4634,2202.8604,2194.0665,2198.4634,60,0,2181.9750,15,2214.9519,4868.3700,4869.5000,0.0000,4868.9350,0.8663,0.9979,0.0000,-0.5323,0.0794,1.6765,4348
^SPX,2024-01-24 16:15:00,SPX,2024-02-16,2680.000,P,0.6771,0.6784,0.6757,0.6771,90,250,0.6271,15,0.7271,4868.3700,4869.5000,0.0000,4868.9350,0.8663,-0.0021,0.0000,-0.1512,0.0794,-0.0067,2233
^SPX,2024-01-24 16:15:00,SPX,2024-02-16,2690.000,C,2188.4793,2192.8562,2184.1023,2188.4793,117,31,2172.0657,250,2204.8929,4868.3700,4869.5000,0.0000,4868.9350,0.8591,0.9980,0.0000,-0.5304,0.0783,1.6828,2691
^SPX,2024-01-24 16:00:00,SPX,2024-02-16,2690.000,P,0.6599,0.6612,0.6586,0.6599,103,15,0.6099,100,0.7099,4868.3700,4869.5000,0.0000,4868.9350,0.8591,-0.0020,0.0000,-0.1478,0.0783,-0.0066,3312
^SPX,2024-01-24 16:15:00,SPX,2024-02-16,2700.000,C,2178.4956,2182.8526,2174.1386,2178.4956,74,31,2162.1569,250,2194.8343,4868.3700,4869.5000,0.0000,4868.9350,0.8520,0.9980,0.0000,-0.5286,0.0772,1.6892,4317
^SPX,2024-01-24 16:15:00,SPX,2024-02-16,2700.000,P,0.6432,0.6445,0.6419,0.6432,3,31,0.5932,740,0.6932,4868.3700,4869.5000,0.0000,4868.9350,0.8520,-0.0020,0.0000,-0.1446,0.0772,-0.0065,3648
^SPX,2024-01-24 16:00:00,SPX,2024-02-16,2710.000,C,2168.5124,2172.8494,2164.1754,2168.5124,56,0,2152.2486,30,2184.7762,4868.3700,4869.5000,0.0000,4868.9350,0.8449,0.9980,0.0000,-0.5269,0.0762,1.6956,2891
^SPX,2024-01-24 16:15:00,SPX,2024-02-16,2710.000,P,0.6269,0.6282,0.6257,0.6269,6,100,0.5769,250,0.6769,4868.3700,4869.5000,0.0000,4868.9350,0.8449,-0.0020,0.0000,-0.1414,0.0762,-0.0064,401
^SPX,2024-01-24 16:15:00,SPX,2024-02-16,2720.000,C,2158.5296,2162.8467,2154.2126,2158.5296,49,15,2142.3407,30,2174.7186,4868.3700,4869.5000,0.0000,4868.9350,0.8379,0.9981,0.0000,-0.5253,0.0751,1.7020,1920
^SPX,2024-01-24 16:00:00,SPX,2024-02-16,2720.000,P,0.6112,0.6124,0.6099,0.6112,34,0,0.5612,30,0.6612,4868.3700,4869.5000,0.0000,4868.9350,0.8379,-0.0019,0.0000,-0.1383,0.0751,-0.0063,584
^SPX,2024-01-24 16:15:00,SPX,2024-02-16,2730.000,C,2148.5473,2152.8444,2144.2502,2148.5473,4,100,2132.4332,15,2164.6614,4868.3700,4869.5000,0.0000,4868.9350,0.8310,0.9981,0.0000,-0.5238,0.0741,1.7084,4105
^SPX,2024-01-24 16:15:00,SPX,2024-02-16,2730.000,P,0.5958,0.5970,0.5946,0.5958,145,15,0.5458,250,0.6458,4868.3700,4869.5000,0.0000,4868.9350,0.8310,-0.0019,0.0000,-0.1352,0.0741,-0.0062,2307
^SPX,2024-01-24 16:00:00,SPX,2024-02-16,2740.000,C,2138.5655,2142.8426,2134.2883,2138.5655,48,0,2122.5262,740,2154.6047,4868.3700,4869.5000,0.0000,4868.9350,0.8241,0.9981,0.0000,-0.5223,0.0731,1.7148,1571
^SPX,2024-01-24 16:15:00,SPX,2024-02-16,2740.000,P,0.5809,0.5821,0.5797,0.5809,140,0,0.5309,15,0.6309,4868.3700,4869.5000,0.0000,4868.9350,0.8241,-0.0019,0.0000,-0.1323,0.0731,-0.0061,4175
^SPX,2024-01-24 16:15:00,SPX,2024-02-16,2750.000,C,2128.5840,2132.8412,2124.3268,2128.5840,22,500,2112.6196,670,2144.5484,4868.3700,4869.5000,0.0000,4868.9350,0.8173,0.9982,0.0000,-0.5209,0.0721,1.7211,659
^SPX,2024-01-24 16:15:00,SPX,2024-02-16,2750.000,P,0.5664,0.5676,0.5653,0.5664,76,100,0.5164,250,0.6164,4868.3700,4869.5000,0.0000,4868.9350,0.8173,-0.0018,0.0000,-0.1294,0.0721,-0.0060,972
^SPX,2024-01-24 16:00:00,SPX,2024-02-16,2760.000,C,2118.6029,2122.8402,2114.3657,2118.6029,58,100,2102.7134,15,2134.4925,4868.3700,4869.5000,0.0000,4868.9350,0.8105,0.9982,0.0000,-0.5195,0.0711,1.7275,4165
^SPX,2024-01-24 16:15:00,SPX,2024-02-16,2760.000,P,0.5523,0.5535,0.5512,0.5523,110,0,0.5023,250,0.6023,4868.3700,4869.5000,0.0000,4868.9350,0.8105,-0.0018,0.0000,-0.1266,0.0711,-0.0059,3488
^SPX,2024-01-24 16:15:00,SPX,2024-02-16,2770.000,C,2108.6223,2112.8395,2104.4051,2108.6223,133,500,2092.8076,15,2124.4370,4868.3700,4869.5000,0.0000,4868.9350,0.8038,0.9982,0.0000,-0.5183,0.0701,1.7339,2975
^SPX,2024-01-24 16:00:00,SPX,2024-02-16,2770.000,P,0.5387,0.5397,0.5376,0.5387,99,250,0.4887,740,0.5887,4868.3700,4869.5000,0.0000,4868.9350,0.8038,-0.0018,0.0000,-0.1238,0.0701,-0.0058,1614
^SPX,2024-01-24 16:15:00,SPX,2024-02-16,2780.000,C,2098.6420,2102.8393,2094.4447,2098.6420,88,500,2082.9022,670,2114.3818,4868.3700,4869.5000,0.0000,4868.9350,0.7971,0.9982,0.0000,-0.5171,0.0692,1.7402,1350
^SPX,2024-01-24 16:00:00,SPX,2024-02-16,2780.000,P,0.5254,0.5264,0.5243,0.5254,3,15,0.4754,740,0.5754,4868.3700,4869.5000,0.0000,4868.9350,0.7971,-0.0018,0.0000,-0.1212,0.0692,-0.0057,2588
^SPX,2024-01-24 16:00:00,SPX,2024-02-16,2790.000,C,2088.6621,2092.8395,2084.4848,2088.6621,41,100,2072.9972,250,2104.3271,4868.3700,4869.5000,0.0000,4868.9350,0.7905,0.9983,0.0000,-0.5159,0.0682,1.7466,4036
^SPX,2024-01-24 16:00:00,SPX,2024-02-16,2790.000,P,0.5125,0.5135,0.5114,0.5125,127,100,0.4625,30,0.5625,4868.3700,4869.5000,0.0000,4868.9350,0.7905,-0.0017,0.0000,-0.1185,0.0682,-0.0057,1732
^SPX,2024-01-24 16:00:00,SPX,2024-02-16,2800.000,C,2078.6826,2082.8400,2074.5253,2078.6826,72,15,2063.0925,100,2094.2727,4868.3700,4869.5000,0.0000,4868.9350,0.7839,0.9983,0.0000,-0.5149,0.0673,1.7530,2797
^SPX,2024-01-24 16:15:00,SPX,2024-02-16,2800.000,P,0.4999,0.5009,0.4989,0.4999,112,31,0.4499,670,0.5499,4868.3700,4869.5000,0.0000,4868.9350,0.7839,-0.0017,0.0000,-0.1160,0.0673,-0.0056,4366
^SPX,2024-01-24 16:15:00,SPX,2024-02-16,2810.000,C,2068.7035,2072.8409,2064.5660,2068.7035,66,500,2053.1882,100,2084.2187,4868.3700,4869.5000,0.0000,4868.9350,0.7774,0.9983,0.0000,-0.5139,0.0664,1.7593,407
^SPX,2024-01-24 16:00:00,SPX,2024-02-16,2810.000,P,0.4877,0.4887,0.4867,0.4877,27,31,0.4377,15,0.5377,4868.3700,4869.5000,0.0000,4868.9350,0.7774,-0.0017,0.0000,-0.1135,0.0664,-0.0055,4097
^SPX,2024-01-24 16:15:00,SPX,2024-02-16,2820.000,C,2058.7246,2062.8421,2054.6072,2058.7246,112,15,2043.2842,30,2074.1651,4868.3700,4869.5000,0.0000,4868.9350,0.7710,0.9983,0.0000,-0.5129,0.0656,1.7657,3800
^SPX,2024-01-24 16:00:00,SPX,2024-02-16,2820.000,P,0.4759,0.4768,0.4749,0.4759,86,500,0.4259,670,0.5259,4868.3700,4869.5000,0.0000,4868.9350,0.7710,-0.0017,0.0000,-0.1111,0.0656,-0.0054,2168
^SPX,2024-01-24 16:00:00,SPX,2024-02-16,2830.000,C,2048.7462,2052.8436,2044.6487,2048.7462,38,0,2033.3806,740,2064.1118,4868.3700,4869.5000,0.0000,4868.9350,0.7646,0.9984,0.0000,-0.5120,0.0647,1.7721,209
^SPX,2024-01-24 16:00:00,SPX,2024-02-16,2830.000,P,0.4644,0.4653,0.4634,0.4644,5,0,0.4144,670,0.5144,4868.3700,4869.5000,0.0000,4868.9350,0.7646,-0.0016,0.0000,-0.1087,0.0647,-0.0053,3507
^SPX,2024-01-24 16:00:00,SPX,2024-02-16,2840.000,C,2038.7680,2042.8455,2034.6905,2038.7680,18,31,2023.4772,670,2054.0588,4868.3700,4869.5000,0.0000,4868.9350,0.7583,0.9984,0.0000,-0.5112,0.0638,1.7784,1313
^SPX,2024-01-24 16:00:00,SPX,2024-02-16,2840.000,P,0.4532,0.4541,0.4523,0.4532,61,250,0.4032,15,0.5032,4868.3700,4869.5000,0.0000,4868.9350,0.7583,-0.0016,0.0000,-0.1064,0.0638,-0.0052,2286
^SPX,2024-01-24 16:15:00,SPX,2024-02-16,2850.000,C,2028.7902,2032.8478,2024.7326,2028.7902,139,15,2013.5742,100,2044.0061,4868.3700,4869.5000,0.0000,4868.9350,0.7520,0.9984,0.0000,-0.5104,0.0630,1.7848,2288
^SPX,2024-01-24 16:00:00,SPX,2024-02-16,2850.000,P,0.4423,0.4432,0.4414,0.4423,19,31,0.3923,15,0.4923,4868.3700,4869.5000,0.0000,4868.9350,0.7520,-0.0016,0.0000,-0.1042,0.0630,-0.0052,4835
^SPX,2024-01-24 16:15:00,SPX,2024-02-16,2860.000,C,2018.8126,2022.8503,2014.7750,2018.8126,49,250,2003.6716,30,2033.9537,4868.3700,4869.5000,0.0000,4868.9350,0.7457,0.9984,0.0000,-0.5097,0.0622,1.7911,3165
^SPX,2024-01-24 16:15:00,SPX,2024-02-16,2860.000,P,0.4318,0.4326,0.4309,0.4318,79,31,0.3818,30,0.4818,4868.3700,4869.5000,0.0000,4868.9350,0.7457,-0.0016,0.0000,-0.1020,0.0622,-0.0051,3195
^SPX,2024-01-24 16:15:00,SPX,2024-02-16,2870.000,C,2008.8354,2012.8531,2004.8178,2008.8354,36,0,1993.7692,250,2023.9017,4868.3700,4869.5000,0.0000,4868.9350,0.7395,0.9985,0.0000,-0.5090,0.0614,1.7975,688
^SPX,2024-01-24 16:15:00,SPX,2024-02-16,2870.000,P,0.4215,0.4224,0.4207,0.4215,84,31,0.3715,15,0.4715,4868.3700,4869.5000,0.0000,4868.9350,0.7395,-0.0015,0.0000,-0.0999,0.0614,-0.0050,4853
^SPX,2024-01-24 16:00:00,SPX,2024-02-16,2880.000,C,1998.8585,2002.8562,1994.8608,1998.8585,96,15,1983.8671,250,2013.8499,4868.3700,4869.5000,0.0000,4868.9350,0.7334,0.9985,0.0000,-0.5084,0.0606,1.8039,17
^SPX,2024-01-24 16:00:00,SPX,2024-02-16,2880.000,P,0.4116,0.4124,0.4108,0.4116,116,31,0.3616,15,0.4616,4868.3700,4869.5000,0.0000,4868.9350,0.7334,-0.0015,0.0000,-0.0978,0.0606,-0.0049,1081
^SPX,2024-01-24 16:00:00,SPX,2024-02-16,2890.000,C,1988.8819,1992.8596,1984.9041,1988.8819,35,250,1973.9653,100,2003.7985,4868.3700,4869.5000,0.0000,4868.9350,0.7273,0.9985,0.0000,-0.5079,0.0599,1.8102,1369
^SPX,2024-01-24 16:00:00,SPX,2024-02-16,2890.000,P,0.4019,0.4027,0.4011,0.4019,101,31,0.3519,30,0.4519,4868.3700,4869.5000,0.0000,4868.9350,0.7273,-0.0015,0.0000,-0.0958,0.0599,-0.0049,1582
^SPX,2024-01-24 16:15:00,SPX,2024-02-16,2900.000,C,1978.9055,1982.8633,1974.9477,1978.9055,97,500,1964.0637,670,1993.7473,4868.3700,4869.5000,0.0000,4868.9350,0.7213,0.9985,0.0000,-0.5074,0.0591,1.8166,3857
^SPX,2024-01-24 16:00:00,SPX,2024-02-16,2900.000,P,0.3925,0.3933,0.3917,0.3925,125,15,0.3425,100,0.4425,4868.3700,4869.5000,0.0000,4868.9350,0.7213,-0.0015,0.0000,-0.0938,0.0591,-0.0048,323
^SPX,2024-01-24 16:00:00,SPX,2024-02-16,2910.000,C,1968.9294,1972.8673,1964.9916,1968.9294,14,100,1954.1625,250,1983.6964,4868.3700,4869.5000,0.0000,4868.9350,0.7153,0.9985,0.0000,-0.5069,0.0584,1.8229,4463
^SPX,2024-01-24 16:15:00,SPX,2024-02-16,2910.000,P,0.3834,0.3842,0.3826,0.3834,136,31,0.3334,100,0.4334,4868.3700,4869.5000,0.0000,4868.9350,0.7153,-0.0015,0.0000,-0.0919,0.0584,-0.0047,2374
^SPX,2024-01-24 16:15:00,SPX,2024-02-16,2920.000,C,1958.9536,1962.8715,1955.0357,1958.9536,89,15,1944.2614,670,1973.6458,4868.3700,4869.5000,0.0000,4868.9350,0.7093,0.9986,0.0000,-0.5065,0.0577,1.8293,1491
^SPX,2024-01-24 16:00:00,SPX,2024-02-16,2920.000,P,0.3746,0.3753,0.3738,0.3746,117,31,0.3246,15,0.4246,4868.3700,4869.5000,0.0000,4868.9350,0.7093,-0.0014,0.0000,-0.0900,0.0577,-0.0047,2787
^SPX,2024-01-24 16:00:00,SPX,2024-02-16,2930.000,C,1948.9780,1952.8760,1945.0801,1948.9780,99,500,1934.3607,100,1963.5954,4868.3700,4869.5000,0.0000,4868.9350,0.7035,0.9986,0.0000,-0.5061,0.0570,1.8356,1604
^SPX,2024-01-24 16:00:00,SPX,2024-02-16,2930.000,P,0.3660,0.3667,0.3652,0.3660,1,0,0.3160,30,0.4160,4868.3700,4869.5000,0.0000,4868.9350,0.7035,-0.0014,0.0000,-0.0882,0.0570,-0.0046,4034
^SPX,2024-01-24 16:15:00,SPX,2024-02-16,2940.000,C,1939.0027,1942.8807,1935.1247,1939.0027,139,500,1924.4602,15,1953.5452,4868.3700,4869.5000,0.0000,4868.9350,0.6976,0.9986,0.0000,-0.5058,0.0563,1.8419,4903
^SPX,2024-01-24 16:00:00,SPX,2024-02-16,2940.000,P,0.3576,0.3583,0.3569,0.3576,57,0,0.3076,30,0.4076,4868.3700,4869.5000,0.0000,4868.9350,0.6976,-0.0014,0.0000,-0.0864,0.0563,-0.0045,3425
^SPX,2024-01-24 16:00:00,SPX,2024-02-16,2950.000,C,1929.0276,1932.8857,1925.1696,1929.0276,111,31,1914.5599,740,1943.4954,4868.3700,4869.5000,0.0000,4868.9350,0.6918,0.9986,0.0000,-0.5055,0.0556,1.8483,4069
^SPX,2024-01-24 16:00:00,SPX,2024-02-16,2950.000,P,0.3495,0.3502,0.3488,0.3495,57,15,0.2995,30,0.3995,4868.3700,4869.5000,0.0000,4868.9350,0.6918,-0.0014,0.0000,-0.0847,0.0556,-0.0045,3877
^SPX,2024-01-24 16:00:00,SPX,2024-02-16,2960.000,C,1919.0528,1922.8909,1915.2147,1919.0528,131,31,1904.6599,250,1933.4457,4868.3700,4869.5000,0.0000,4868.9350,0.6861,0.9986,0.0000,-0.5053,0.0550,1.8546,1788
^SPX,2024-01-24 16:00:00,SPX,2024-02-16,2960.000,P,0.3417,0.3423,0.3410,0.3417,119,500,0.2917,670,0.3917,4868.3700,4869.5000,0.0000,4868.9350,0.6861,-0.0014,0.0000,-0.0830,0.0550,-0.0044,561
^SPX,2024-01-24 16:00:00,SPX,2024-02-16,2970.000,C,1909.0782,1912.8964,1905.2600,1909.0782,140,250,1894.7601,740,1923.3963,4868.3700,4869.5000,0.0000,4868.9350,0.6804,0.9986,0.0000,-0.5051,0.0543,1.8610,1812
^SPX,2024-01-24 16:00:00,SPX,2024-02-16,2970.000,P,0.3340,0.3347,0.3334,0.3340,119,15,0.2840,30,0.3840,4868.3700,4869.5000,0.0000,4868.9350,0.6804,-0.0014,0.0000,-0.0813,0.0543,-0.0044,2070
^SPX,2024-01-24 16:00:00,SPX,2024-02-16,2980.000,C,1899.1038,1902.9020,1895.3056,1899.1038,18,250,1884.8605,250,1913.3471,4868.3700,4869.5000,0.0000,4868.9350,0.6747,0.9987,0.0000,-0.5050,0.0537,1.8673,4975
^SPX,2024-01-24 16:15:00,SPX,2024-02-16,2980.000,P,0.3266,0.3273,0.3260,0.3266,104,250,0.2766,740,0.3766,4868.3700,4869.5000,0.0000,4868.9350,0.6747,-0.0013,0.0000,-0.0797,0.0537,-0.0043,4341
^SPX,2024-01-24 16:15:00,SPX,2024-02-16,2990.000,C,1889.1297,1892.9079,1885.3514,1889.1297,64,31,1874.9612,250,1903.2981,4868.3700,4869.5000,0.0000,4868.9350,0.6691,0.9987,0.0000,-0.5049,0.0531,1.8736,4892
^SPX,2024-01-24 16:00:00,SPX,2024-02-16,2990.000,P,0.3194,0.3201,0.3188,0.3194,4,250,0.2694,670,0.3694,4868.3700,4869.5000,0.0000,4868.9350,0.6691,-0.0013,0.0000,-0.0782,0.0531,-0.0043,577
^SPX,2024-01-24 16:15:00,SPX,2024-02-16,3000.000,C,1879.1557,1882.9140,1875.3974,1879.1557,148,15,1865.0620,15,1893.2494,4868.3700,4869.5000,0.0000,4868.9350,0.6635,0.9987,0.0000,-0.5048,0.0525,1.8800,3068
^SPX,2024-01-24 16:15:00,SPX,2024-02-16,3000.000,P,0.3124,0.3131,0.3118,0.3124,102,31,0.2624,740,0.3624,4868.3700,4869.5000,0.0000,4868.9350,0.6635,-0.0013,0.0000,-0.0767,0.0525,-0.0042,1272
^SPX,2024-01-24 16:15:00,SPX,2024-02-16,3010.000,C,1869.1820,1872.9203,1865.4436,1869.1820,80,15,1855.1631,100,1883.2008,4868.3700,4869.5000,0.0000,4868.9350,0.6580,0.9987,0.0000,-0.5048,0.0519,1.8863,4130
^SPX,2024-01-24 16:15:00,SPX,2024-02-16,3010.000,P,0.3057,0.3063,0.3051,0.3057,24,15,0.2557,15,0.3557,4868.3700,4869.5000,0.0000,4868.9350,0.6580,-0.0013,0.0000,-0.0752,0.0519,-0.0041,2859
^SPX,2024-01-24 16:15:00,SPX,2024-02-16,3020.000,C,1859.2084,1862.9268,1855.4900,1859.2084,11,500,1845.2644,740,1873.1525,4868.3700,4869.5000,0.0000,4868.9350,0.6526,0.9987,0.0000,-0.5048,0.0513,1.8926,2170
^SPX,2024-01-24 16:00:00,SPX,2024-02-16,3020.000,P,0.2991,0.2997,0.2985,0.2991,92,0,0.2491,250,0.3491,4868.3700,4869.5000,0.0000,4868.9350,0.6526,-0.0013,0.0000,-0.0738,0.0513,-0.0041,445
^SPX,2024-01-24 16:15:00,SPX,2024-02-16,3030.000,C,1849.2351,1852.9335,1845.5366,1849.2351,138,31,1835.3658,100,1863.1043,4868.3700,4869.5000,0.0000,4868.9350,0.6471,0.9987,0.0000,-0.5049,0.0508,1.8990,2843
^SPX,2024-01-24 16:00:00,SPX,2024-02-16,3030.000,P,0.2927,0.2933,0.2921,0.2927,100,500,0.2427,30,0.3427,4868.3700,4869.5000,0.0000,4868.9350,0.6471,-0.0013,0.0000,-0.0724,0.0508,-0.0040,4548
^SPX,2024-01-24 16:15:00,SPX,2024-02-16,3040.000,C,1839.2619,1842.9404,1835.5834,1839.2619,46,250,1825.4674,30,1853.0564,4868.3700,4869.5000,0.0000,4868.9350,0.6417,0.9988,0.0000,-0.5050,0.0502,1.9053,4036
^SPX,2024-01-24 16:15:00,SPX,2024-02-16,3040.000,P,0.2865,0.2871,0.2860,0.2865,1,31,0.2365,100,0.3365,4868.3700,4869.5000,0.0000,4868.9350,0.6417,-0.0012,0.0000,-0.0710,0.0502,-0.0040,2720
^SPX,2024-01-24 16:00:00,SPX,2024-02-16,3050.000,C,1829.2889,1832.9475,1825.6304,1829.2889,51,0,1815.5693,30,1843.0086,4868.3700,4869.5000,0.0000,4868.9350,0.6364,0.9988,0.0000,-0.5051,0.0497,1.9116,2835
^SPX,2024-01-24 16:00:00,SPX,2024-02-16,3050.000,P,0.2805,0.2811,0.2800,0.2805,121,15,0.2305,100,0.3305,4868.3700,4869.5000,0.0000,4868.9350,0.6364,-0.0012,0.0000,-0.0697,0.0497,-0.0039,2962
^SPX,2024-01-24 16:00:00,SPX,2024-02-16,3060.000,C,1819.3162,1822.9548,1815.6775,1819.3162,7,250,1805.6713,670,1832.9610,4868.3700,4869.5000,0.0000,4868.9350,0.6311,0.9988,0.0000,-0.5053,0.0492,1.9179,1021
^SPX,2024-01-24 16:15:00,SPX,2024-02-16,3060.000,P,0.2747,0.2753,0.2742,0.2747,149,0,0.2247,100,0.3247,4868.3700,4869.5000,0.0000,4868.9350,0.6311,-0.0012,0.0000,-0.0684,0.0492,-0.0039,1599
^SPX,2024-01-24 16:00:00,SPX,2024-02-16,3070.000,C,1809.3435,1812.9622,1805.7248,1809.3435,137,100,1795.7735,15,1822.9136,4868.3700,4869.5000,0.0000,4868.9350,0.6258,0.9988,0.0000,-0.5055,0.0487,1.9243,1299
^SPX,2024-01-24 16:00:00,SPX,2024-02-16,3070.000,P,0.2691,0.2696,0.2685,0.2691,112,0,0.2191,740,0.3191,4868.3700,4869.5000,0.0000,4868.9350,0.6258,-0.0012,0.0000,-0.0671,0.0487,-0.0039,2802
^SPX,2024-01-24 16:15:00,SPX,2024-02-16,3080.000,C,1799.3711,1802.9698,1795.7724,1799.3711,51,100,1785.8758,250,1812.8664,4868.3700,4869.5000,0.0000,4868.9350,0.6206,0.9988,0.0000,-0.5057,0.0482,1.9306,202
^SPX,2024-01-24 16:15:00,SPX,2024-02-16,3080.000,P,0.2636,0.2641,0.2631,0.2636,118,31,0.2136,740,0.3136,4868.3700,4869.5000,0.0000,4868.9350,0.6206,-0.0012,0.0000,-0.0659,0.0482,-0.0038,2255
^SPX,2024-01-24 16:15:00,SPX,2024-02-16,3090.000,C,1789.3988,1792.9776,1785.8200,1789.3988,23,100,1775.9783,670,1802.8193,4868.3700,4869.5000,0.0000,4868.9350,0.6155,0.9988,0.0000,-0.5060,0.0477,1.9369,3590
^SPX,2024-01-24 16:00:00,SPX,2024-02-16,3090.000,P,0.2583,0.2588,0.2578,0.2583,126,15,0.2083,15,0.3083,4868.3700,4869.5000,0.0000,4868.9350,0.6155,-0.0012,0.0000,-0.0647,0.0477,-0.0038,3611
^SPX,2024-01-24 16:00:00,SPX,2024-02-16,3100.000,C,1779.4267,1782.9856,1775.8678,1779.4267,40,100,1766.0810,100,1792.7724,4868.3700,4869.5000,0.0000,4868.9350,0.6103,0.9988,0.0000,-0.5063,0.0473,1.9432,3576
^SPX,2024-01-24 16:15:00,SPX,2024-02-16,3100.000,P,0.2532,0.2537,0.2527,0.2532,75,0,0.2032,100,0.3032,4868.3700,4869.5000,0.0000,4868.9350,0.6103,-0.0012,0.0000,-0.0636,0.0473,-0.0037,4708
^SPX,2024-01-24 16:15:00,SPX,2024-02-16,3110.000,C,1769.4547,1772.9937,1765.9158,1769.4547,98,0,1756.1838,100,1782.7257,4868.3700,4869.5000,0.0000,4868.9350,0.6052,0.9988,0.0000,-0.5066,0.0468,1.9496,231
^SPX,2024-01-24 16:00:00,SPX,2024-02-16,3110.000,P,0.2482,0.2487,0.2477,0.2482,54,500,0.1982,100,0.2982,4868.3700,4869.5000,0.0000,4868.9350,0.6052,-0.0012,0.0000,-0.0625,0.0468,-0.0037,469
^SPX,2024-01-24 16:00:00,SPX,2024-02-16,3120.000,C,1759.4829,1763.0019,1755.9640,1759.4829,13,250,1746.2868,100,1772.6791,4868.3700,4869.5000,0.0000,4868.9350,0.6002,0.9989,0.0000,-0.5070,0.0464,1.9559,3498
^SPX,2024-01-24 16:15:00,SPX,2024-02-16,3120.000,P,0.2434,0.2438,0.2429,0.2434,90,31,0.1934,250,0.2934,4868.3700,4869.5000,0.0000,4868.9350,0.6002,-0.0011,0.0000,-0.0614,0.0464,-0.0037,1494
^SPX,2024-01-24 16:00:00,SPX,2024-02-16,3130.000,C,1749.5113,1753.0103,1746.0123,1749.5113,12,15,1736.3900,100,1762.6326,4868.3700,4869.5000,0.0000,4868.9350,0.5952,0.9989,0.0000,-0.5074,0.0460,1.9622,2627
^SPX,2024-01-24 16:00:00,SPX,2024-02-16,3130.000,P,0.2387,0.2392,0.2382,0.2387,27,250,0.1887,250,0.2887,4868.3700,4869.5000,0.0000,4868.9350,0.5952,-0.0011,0.0000,-0.0603,0.0460,-0.0036,303
^SPX,2024-01-24 16:15:00,SPX,2024-02-16,3140.000,C,1739.5398,1743.0189,1736.0607,1739.5398,89,31,1726.4932,30,1752.5863,4868.3700,4869.5000,0.0000,4868.9350,0.5902,0.9989,0.0000,-0.5078,0.0456,1.9685,2679
^SPX,2024-01-24 16:15:00,SPX,2024-02-16,3140.000,P,0.2341,0.2346,0.2337,0.2341,42,15,0.1841,100,0.2841,4868.3700,4869.5000,0.0000,4868.9350,0.5902,-0.0011,0.0000,-0.0593,0.0456,-0.0036,919
^SPX,2024-01-24 16:15:00,SPX,2024-02-16,3150.000,C,1729.5684,1733.0276,1726.1093,1729.5684,8,100,1716.5967,670,1742.5402,4868.3700,4869.5000,0.0000,4868.9350,0.5853,0.9989,0.0000,-0.5083,0.0452,1.9748,2172
^SPX,2024-01-24 16:15:00,SPX,2024-02-16,3150.000,P,0.2298,0.2302,0.2293,0.2298,39,500,0.1798,250,0.2798,4868.3700,4869.5000,0.0000,4868.9350,0.5853,-0.0011,0.0000,-0.0583,0.0452,-0.0035,3919
^SPX,2024-01-24 16:15:00,SPX,2024-02-16,3160.000,C,1719.5972,1723.0364,1716.1580,1719.5972,40,250,1706.7002,250,1732.4942,4868.3700,4869.5000,0.0000,4868.9350,0.5804,0.9989,0.0000,-0.5087,0.0448,1.9811,3701
^SPX,2024-01-24 16:00:00,SPX,2024-02-16,3160.000,P,0.2255,0.2260,0.2251,0.2255,119,31,0.1755,250,0.2755,4868.3700,4869.5000,0.0000,4868.9350,0.5804,-0.0011,0.0000,-0.0573,0.0448,-0.0035,1735
^SPX,2024-01-24 16:00:00,SPX,2024-02-16,3170.000,C,1709.6261,1713.0454,1706.2069,1709.6261,2,31,1696.8039,30,1722.4483,4868.3700,4869.5000,0.0000,4868.9350,0.5756,0.9989,0.0000,-0.5093,0.0444,1.9875,429
^SPX,2024-01-24 16:15:00,SPX,2024-02-16,3170.000,P,0.2214,0.2218,0.2209,0.2214,13,15,0.1714,15,0.2714,4868.3700,4869.5000,0.0000,4868.9350,0.5756,-0.0011,0.0000,-0.0564,0.0444,-0.0035,342
^SPX,2024-01-24 16:15:00,SPX,2024-02-16,3180.000,C,1699.6552,1703.0545,1696.2559,1699.6552,148,0,1686.9077,250,1712.4026,4868.3700,4869.5000,0.0000,4868.9350,0.5708,0.9989,0.0000,-0.5098,0.0441,1.9938,3860
^SPX,2024-01-24 16:15:00,SPX,2024-02-16,3180.000,P,0.2174,0.2178,0.2170,0.2174,105,100,0.1674,15,0.2674,4868.3700,4869.5000,0.0000,4868.9350,0.5708,-0.0011,0.0000,-0.0555,0.0441,-0.0034,4147
^SPX,2024-01-24 16:15:00,SPX,2024-02-16,3190.000,C,1689.6843,1693.0637,1686.3050,1689.6843,70,250,1677.0117,15,1702.3570,4868.3700,4869.5000,0.0000,4868.9350,0.5660,0.9989,0.0000,-0.5103,0.0437,2.0001,3509
^SPX,2024-01-24 16:15:00,SPX,2024-02-16,3190.000,P,0.2136,0.2140,0.2131,0.2136,60,31,0.1636,100,0.2636,4868.3700,4869.5000,0.0000,4868.9350,0.5660,-0.0011,0.0000,-0.0546,0.0437,-0.0034,2501
^SPX,2024-01-24 16:15:00,SPX,2024-02-16,3200.000,C,1679.7136,1683.0731,1676.3542,1679.7136,9,500,1667.1158,100,1692.3115,4868.3700,4869.5000,0.0000,4868.9350,0.5613,0.9989,0.0000,-0.5109,0.0434,2.0064,3314
^SPX,2024-01-24 16:00:00,SPX,2024-02-16,3200.000,P,0.2098,0.2102,0.2094,0.2098,121,500,0.1598,670,0.2598,4868.3700,4869.5000,0.0000,4868.9350,0.5613,-0.0011,0.0000,-0.0537,0.0434,-0.0034,2264
^SPX,2024-01-24 16:15:00,SPX,2024-02-16,3210.000,C,1669.7431,1673.0825,1666.4036,1669.7431,126,500,1657.2200,670,1682.2661,4868.3700,4869.5000,0.0000,4868.9350,0.5566,0.9989,0.0000,-0.5115,0.0431,2.0127,3194
^SPX,2024-01-24 16:00:00,SPX,2024-02-16,3210.000,P,0.2062,0.2066,0.2058,0.2062,86,15,0.1562,670,0.2562,4868.3700,4869.5000,0.0000,4868.9350,0.5566,-0.0011,0.0000,-0.0529,0.0431,-0.0034,2289
^SPX,2024-01-24 16:00:00,SPX,2024-02-16,3220.000,C,1659.7726,1663.0922,1656.4531,1659.7726,94,31,1647.3243,15,1672.2209,4868.3700,4869.5000,0.0000,4868.9350,0.5519,0.9990,0.0000,-0.5122,0.0428,2.0190,1465
^SPX,2024-01-24 16:00:00,SPX,2024-02-16,3220.000,P,0.2027,0.2031,0.2023,0.2027,20,100,0.1527,100,0.2527,4868.3700,4869.5000,0.0000,4868.9350,0.5519,-0.0010,0.0000,-0.0521,0.0428,-0.0033,3575
^SPX,2024-01-24 16:00:00,SPX,2024-02-16,3230.000,C,1649.8023,1653.1019,1646.5027,1649.8023,146,250,1637.4288,100,1662.1758,4868.3700,4869.5000,0.0000,4868.9350,0.5473,0.9990,0.0000,-0.5129,0.0425,2.0253,2274
^SPX,2024-01-24 16:15:00,SPX,2024-02-16,3230.000,P,0.1994,0.1998,0.1990,0.1994,58,500,0.1494,740,0.2494,4868.3700,4869.5000,0.0000,4868.9350,0.5473,-0.0010,0.0000,-0.0513,0.0425,-0.0033,3052
^SPX,2024-01-24 16:15:00,SPX,2024-02-16,3240.000,C,1639.8320,1643.1117,1636.5524,1639.8320,69,500,1627.5333,670,1652.1308,4868.3700,4869.5000,0.0000,4868.9350,0.5427,0.9990,0.0000,-0.5135,0.0422,2.0316,345
^SPX,2024-01-24 16:00:00,SPX,2024-02-16,3240.000,P,0.1961,0.1965,0.1957,0.1961,112,15,0.1461,740,0.2461,4868.3700,4869.5000,0.0000,4868.9350,0.5427,-0.0010,0.0000,-0.0505,0.0422,-0.0033,1990
^SPX,2024-01-24 16:00:00,SPX,2024-02-16,3250.000,C,1629.8619,1633.1217,1626.6022,1629.8619,132,15,1617.6380,100,1642.0859,4868.3700,4869.5000,0.0000,4868.9350,0.5382,0.9990,0.0000,-0.5142,0.0419,2.0379,1398
^SPX,2024-01-24 16:00:00,SPX,2024-02-16,3250.000,P,0.1930,0.1934,0.1926,0.1930,51,31,0.1430,740,0.2430,4868.3700,4869.5000,0.0000,4868.9350,0.5382,-0.0010,0.0000,-0.0498,0.0419,-0.0033,1556
^SPX,2024-01-24 16:00:00,SPX,2024-02-16,3260.000,C,1619.8919,1623.1317,1616.6521,1619.8919,38,100,1607.7427,30,1632.0411,4868.3700,4869.5000,0.0000,4868.9350,0.5337,0.9990,0.0000,-0.5150,0.0417,2.0442,104
^SPX,2024-01-24 16:15:00,SPX,2024-02-16,3260.000,P,0.1900,0.1903,0.1896,0.1900,98,250,0.1400,250,0.2400,4868.3700,4869.5000,0.0000,4868.9350,0.5337,-0.0010,0.0000,-0.0491,0.0417,-0.0032,4026
^SPX,2024-01-24 16:15:00,SPX,2024-02-16,3270.000,C,1609.9220,1613.1419,1606.7022,1609.9220,2,500,1597.8476,250,1621.9965,4868.3700,4869.5000,0.0000,4868.9350,0.5292,0.9990,0.0000,-0.5157,0.0414,2.0505,3973
^SPX,2024-01-24 16:15:00,SPX,2024-02-16,3270.000,P,0.1870,0.1874,0.1867,0.1870,61,0,0.1370,15,0.2370,4868.3700,4869.5000,0.0000,4868.9350,0.5292,-0.0010,0.0000,-0.0484,0.0414,-0.0032,1977
^SPX,2024-01-24 16:15:00,SPX,2024-02-16,3280.000,C,1599.9522,1603.1522,1596.7523,1599.9522,65,0,1587.9526,740,1611.9519,4868.3700,4869.5000,0.0000,4868.9350,0.5248,0.9990,0.0000,-0.5165,0.0412,2.0568,2253
^SPX,2024-01-24 16:15:00,SPX,2024-02-16,3280.000,P,0.1842,0.1846,0.1838,0.1842,0,100,0.1342,740,0.2342,4868.3700,4869.5000,0.0000,4868.9350,0.5248,-0.0010,0.0000,-0.0477,0.0412,-0.0032,3923
^SPX,2024-01-24 16:00:00,SPX,2024-02-16,3290.000,C,1589.9826,1593.1625,1586.8026,1589.9826,83,0,1578.0577,15,1601.9074,4868.3700,4869.5000,0.0000,4868.9350,0.5204,0.9990,0.0000,-0.5173,0.0410,2.0631,463
^SPX,2024-01-24 16:15:00,SPX,2024-02-16,3290.000,P,0.1815,0.1819,0.1811,0.1815,12,15,0.1315,30,0.2315,4868.3700,4869.5000,0.0000,4868.9350,0.5204,-0.0010,0.0000,-0.0471,0.0410,-0.0032,4551
^SPX,2024-01-24 16:15:00,SPX,2024-02-16,3300.000,C,1580.0130,1583.1730,1576.8529,1580.0130,23,250,1568.1629,250,1591.8631,4868.3700,4869.5000,0.0000,4868.9350,0.5160,0.9990,0.0000,-0.5181,0.0408,2.0694,265
^SPX,2024-01-24 16:15:00,SPX,2024-02-16,3300.000,P,0.1789,0.1792,0.1785,0.1789,20,100,0.1289,670,0.2289,4868.3700,4869.5000,0.0000,4868.9350,0.5160,-0.0010,0.0000,-0.0465,0.0408,-0.0032,3808
^SPX,2024-01-24 16:00:00,SPX,2024-02-16,3310.000,C,1570.0435,1573.1836,1566.9034,1570.0435,30,100,1558.2682,740,1581.8188,4868.3700,4869.5000,0.0000,4868.9350,0.5117,0.9990,0.0000,-0.5190,0.0406,2.0757,4869
^SPX,2024-01-24 16:15:00,SPX,2024-02-16,3310.000,P,0.1764,0.1767,0.1760,0.1764,46,31,0.1264,100,0.2264,4868.3700,4869.5000,0.0000,4868.9350,0.5117,-0.0010,0.0000,-0.0459,0.0406,-0.0031,1377
^SPX,2024-01-24 16:00:00,SPX,2024-02-16,3320.000,C,1560.0741,1563.1942,1556.9539,1560.0741,110,15,1548.3735,740,1571.7746,4868.3700,4869.5000,0.0000,4868.9350,0.5074,0.9990,0.0000,-0.5198,0.0404,2.0820,3321
^SPX,2024-01-24 16:00:00,SPX,2024-02-16,3320.000,P,0.1740,0.1743,0.1736,0.1740,107,500,0.1240,670,0.2240,4868.3700,4869.5000,0.0000,4868.9350,0.5074,-0.0010,0.0000,-0.0453,0.0404,-0.0031,2311
^SPX,2024-01-24 16:00:00,SPX,2024-02-16,3330.000,C,1550.1048,1553.2050,1547.0046,1550.1048,46,250,1538.4790,15,1561.7306,4868.3700,4869.5000,0.0000,4868.9350,0.5031,0.9990,0.0000,-0.5207,0.0403,2.0883,3000
^SPX,2024-01-24 16:00:00,SPX,2024-02-16,3330.000,P,0.1716,0.1720,0.1713,0.1716,58,100,0.1216,670,0.2216,4868.3700,4869.5000,0.0000,4868.9350,0.5031,-0.0010,0.0000,-0.0448,0.0403,-0.0031,1636
^SPX,2024-01-24 16:00:00,SPX,2024-02-16,3340.000,C,1540.1356,1543.2159,1537.0553,1540.1356,100,250,1528.5846,740,1551.6866,4868.3700,4869.5000,0.0000,4868.9350,0.4989,0.9990,0.0000,-0.5216,0.0401,2.0946,1428
^SPX,2024-01-24 16:00:00,SPX,2024-02-16,3340.000,P,0.1694,0.1697,0.1691,0.1694,64,500,0.1194,30,0.2194,4868.3700,4869.5000,0.0000,4868.9350,0.4989,-0.0010,0.0000,-0.0442,0.0401,-0.0031,4765
^SPX,2024-01-24 16:00:00,SPX,2024-02-16,3350.000,C,1530.1665,1533.2268,1527.1061,1530.1665,140,31,1518.6902,100,1541.6427,4868.3700,4869.5000,0.0000,4868.9350,0.4947,0.9990,0.0000,-0.5226,0.0400,2.1009,161
^SPX,2024-01-24 16:00:00,SPX,2024-02-16,3350.000,P,0.1673,0.1676,0.1669,0.1673,123,0,0.1173,15,0.2173,4868.3700,4869.5000,0.0000,4868.9350,0.4947,-0.0010,0.0000,-0.0437,0.0400,-0.0031,2806
^SPX,2024-01-24 16:15:00,SPX,2024-02-16,3360.000,C,1520.1975,1523.2379,1517.1571,1520.1975,119,500,1508.7960,670,1531.5989,4868.3700,4869.5000,0.0000,4868.9350,0.4906,0.9990,0.0000,-0.5235,0.0399,2.1072,3162
^SPX,2024-01-24 16:00:00,SPX,2024-02-16,3360.000,P,0.1652,0.1655,0.1649,0.1652,76,31,0.1152,740,0.2152,4868.3700,4869.5000,0.0000,4868.9350,0.4906,-0.0010,0.0000,-0.0432,0.0399,-0.0031,248
^SPX,2024-01-24 16:00:00,SPX,2024-02-16,3370.000,C,1510.2285,1513.2490,1507.2081,1510.2285,57,100,1498.9018,100,1521.5552,4868.3700,4869.5000,0.0000,4868.9350,0.4865,0.9990,0.0000,-0.5245,0.0397,2.1135,1835
^SPX,2024-01-24 16:00:00,SPX,2024-02-16,3370.000,P,0.1632,0.1636,0.1629,0.1632,15,31,0.1132,15,0.2132,4868.3700,4869.5000,0.0000,4868.9350,0.4865,-0.0010,0.0000,-0.0427,0.0397,-0.0031,1538
^SPX,2024-01-24 16:15:00,SPX,2024-02-16,3380.000,C,1500.2597,1503.2602,1497.2592,1500.2597,25,100,1489.0077,30,1511.5116,4868.3700,4869.5000,0.0000,4868.9350,0.4824,0.9990,0.0000,-0.5254,0.0397,2.1198,2309
^SPX,2024-01-24 16:00:00,SPX,2024-02-16,3380.000,P,0.1614,0.1617,0.1610,0.1614,6,15,0.1114,15,0.2114,4868.3700,4869.5000,0.0000,4868.9350,0.4824,-0.0010,0.0000,-0.0423,0.0397,-0.0030,3290
^SPX,2024-01-24 16:15:00,SPX,2024-02-16,3390.000,C,1490.2909,1493.2715,1487.3103,1490.2909,78,15,1479.1137,100,1501.4681,4868.3700,4869.5000,0.0000,4868.9350,0.4783,0.9990,0.0000,-0.5264,0.0396,2.1261,4522
^SPX,2024-01-24 16:00:00,SPX,2024-02-16,3390.000,P,0.1596,0.1599,0.1593,0.1596,4,31,0.1096,30,0.2096,4868.3700,4869.5000,0.0000,4868.9350,0.4783,-0.0010,0.0000,-0.0418,0.0396,-0.0030,3512
^SPX,2024-01-24 16:00:00,SPX,2024-02-16,3400.000,C,1480.3222,1483.2829,1477.3616,1480.3222,56,500,1469.2198,670,1491.4247,4868.3700,4869.5000,0.0000,4868.9350,0.4743,0.9990,0.0000,-0.5275,0.0395,2.1324,2524
^SPX,2024-01-24 16:15:00,SPX,2024-02-16,3400.000,P,0.1579,0.1582,0.1576,0.1579,80,15,0.1079,740,0.2079,4868.3700,4869.5000,0.0000,4868.9350,0.4743,-0.0010,0.0000,-0.0414,0.0395,-0.0030,2978
^SPX,2024-01-24 16:15:00,SPX,2024-02-16,3410.000,C,1470.3536,1473.2944,1467.4129,1470.3536,80,31,1459.3260,670,1481.3813,4868.3700,4869.5000,0.0000,4868.9350,0.4703,0.9990,0.0000,-0.5285,0.0394,2.1386,257
^SPX,2024-01-24 16:15:00,SPX,2024-02-16,3410.000,P,0.1563,0.1566,0.1559,0.1563,132,500,0.1063,250,0.2063,4868.3700,4869.5000,0.0000,4868.9350,0.4703,-0.0010,0.0000,-0.0410,0.0394,-0.0030,2581
^SPX,2024-01-24 16:00:00,SPX,2024-02-16,3420.000,C,1460.3851,1463.3059,1457.4644,1460.3851,6,15,1449.4322,670,1471.3380,4868.3700,4869.5000,0.0000,4868.9350,0.4663,0.9990,0.0000,-0.5296,0.0394,2.1449,1132
^SPX,2024-01-24 16:15:00,SPX,2024-02-16,3420.000,P,0.1547,0.1550,0.1544,0.1547,109,31,0.1047,15,0.2047,4868.3700,4869.5000,0.0000,4868.9350,0.4663,-0.0010,0.0000,-0.0406,0.0394,-0.0030,2002
^SPX,2024-01-24 16:00:00,SPX,2024-02-16,3430.000,C,1450.4167,1453.3175,1447.5159,1450.4167,46,500,1439.5386,15,1461.2948,4868.3700,4869.5000,0.0000,4868.9350,0.4624,0.9990,0.0000,-0.5306,0.0394,2.1512,541
^SPX,2024-01-24 16:00:00,SPX,2024-02-16,3430.000,P,0.1533,0.1536,0.1530,0.1533,18,250,0.1033,15,0.2033,4868.3700,4869.5000,0.0000,4868.9350,0.4624,-0.0010,0.0000,-0.0403,0.0394,-0.0030,1290
^SPX,2024-01-24 16:00:00,SPX,2024-02-16,3440.000,C,1440.4484,1443.3293,1437.5675,1440.4484,110,500,1429.6450,250,1451.2517,4868.3700,4869.5000,0.0000,4868.9350,0.4585,0.9990,0.0000,-0.5317,0.0394,2.1575,3655
^SPX,2024-01-24 16:00:00,SPX,2024-02-16,3440.000,P,0.1519,0.1522,0.1516,0.1519,54,31,0.1019,740,0.2019,4868.3700,4869.5000,0.0000,4868.9350,0.4585,-0.0010,0.0000,-0.0399,0.0394,-0.0030,4121
^SPX,2024-01-24 16:00:00,SPX,2024-02-16,3450.000,C,1430.4801,1433.3410,1427.6191,1430.4801,37,31,1419.7515,670,1441.2087,4868.3700,4869.5000,0.0000,4868.9350,0.4547,0.9990,0.0000,-0.5328,0.0394,2.1638,3791
^SPX,2024-01-24 16:15:00,SPX,2024-02-16,3450.000,P,0.1506,0.1509,0.1503,0.1506,71,31,0.1006,100,0.2006,4868.3700,4869.5000,0.0000,4868.9350,0.4547,-0.0010,0.0000,-0.0396,0.0394,-0.0030,4476
^SPX,2024-01-24 16:00:00,SPX,2024-02-16,3460.000,C,1420.5119,1423.3529,1417.6709,1420.5119,86,15,1409.8581,30,1431.1657,4868.3700,4869.5000,0.0000,4868.9350,0.4508,0.9990,0.0000,-0.5340,0.0394,2.1701,1663
^SPX,2024-01-24 16:15:00,SPX,2024-02-16,3460.000,P,0.1494,0.1497,0.1491,0.1494,59,0,0.0994,740,0.1994,4868.3700,4869.5000,0.0000,4868.9350,0.4508,-0.0010,0.0000,-0.0393,0.0394,-0.0030,3610
^SPX,2024-01-24 16:15:00,SPX,2024-02-16,3470.000,C,1410.5438,1413.3649,1407.7227,1410.5438,70,31,1399.9647,740,1421.1229,4868.3700,4869.5000,0.0000,4868.9350,0.4470,0.9990,0.0000,-0.5351,0.0394,2.1763,4288
^SPX,2024-01-24 16:15:00,SPX,2024-02-16,3470.000,P,0.1482,0.1485,0.1479,0.1482,77,31,0.0982,30,0.1982,4868.3700,4869.5000,0.0000,4868.9350,0.4470,-0.0010,0.0000,-0.0390,0.0394,-0.0030,1167
^SPX,2024-01-24 16:15:00,SPX,2024-02-16,3480.000,C,1400.5758,1403.3769,1397.7746,1400.5758,143,31,1390.0714,740,1411.0801,4868.3700,4869.5000,0.0000,4868.9350,0.4433,0.9990,0.0000,-0.5363,0.0395,2.1826,557
^SPX,2024-01-24 16:15:00,SPX,2024-02-16,3480.000,P,0.1472,0.1475,0.1469,0.1472,142,250,0.0972,100,0.1972,4868.3700,4869.5000,0.0000,4868.9350,0.4433,-0.0010,0.0000,-0.0387,0.0395,-0.0030,1134
^SPX,2024-01-24 16:15:00,SPX,2024-02-16,3490.000,C,1390.6078,1393.3890,1387.8266,1390.6078,58,100,1380.1782,740,1401.0374,4868.3700,4869.5000,0.0000,4868.9350,0.4395,0.9990,0.0000,-0.5374,0.0396,2.1889,4692
^SPX,2024-01-24 16:00:00,SPX,2024-02-16,3490.000,P,0.1462,0.1465,0.1459,0.1462,100,0,0.0962,15,0.1962,4868.3700,4869.5000,0.0000,4868.9350,0.4395,-0.0010,0.0000,-0.0385,0.0396,-0.0030,500
^SPX,2024-01-24 16:00:00,SPX,2024-02-16,3500.000,C,1380.6399,1383.4012,1377.8786,1380.6399,26,15,1370.2851,15,1390.9947,4868.3700,4869.5000,0.0000,4868.9350,0.4358,0.9990,0.0000,-0.5386,0.0396,2.1952,580
^SPX,2024-01-24 16:15:00,SPX,2024-02-16,3500.000,P,0.1453,0.1456,0.1450,0.1453,57,15,0.0953,30,0.1953,4868.3700,4869.5000,0.0000,4868.9350,0.4358,-0.0010,0.0000,-0.0382,0.0396,-0.0030,4062
^SPX,2024-01-24 16:00:00,SPX,2024-02-16,3510.000,C,1370.6721,1373.4135,1367.9308,1370.6721,134,0,1360.3921,250,1380.9522,4868.3700,4869.5000,0.0000,4868.9350,0.4321,0.9990,0.0000,-0.5398,0.0397,2.2014,1294
^SPX,2024-01-24 16:15:00,SPX,2024-02-16,3510.000,P,0.1445,0.1448,0.1442,0.1445,104,500,0.0945,15,0.1945,4868.3700,4869.5000,0.0000,4868.9350,0.4321,-0.0010,0.0000,-0.0380,0.0397,-0.0030,4542
^SPX,2024-01-24 16:00:00,SPX,2024-02-16,3520.000,C,1360.7044,1363.4258,1357.9830,1360.7044,49,500,1350.4991,740,1370.9097,4868.3700,4869.5000,0.0000,4868.9350,0.4285,0.9990,0.0000,-0.5411,0.0399,2.2077,3322
^SPX,2024-01-24 16:00:00,SPX,2024-02-16,3520.000,P,0.1437,0.1440,0.1434,0.1437,46,250,0.0937,100,0.1937,4868.3700,4869.5000,0.0000,4868.9350,0.4285,-0.0010,0.0000,-0.0378,0.0399,-0.0031,4361
^SPX,2024-01-24 16:15:00,SPX,2024-02-16,3530.000,C,1350.7368,1353.4382,1348.0353,1350.7368,75,15,1340.6062,100,1360.8673,4868.3700,4869.5000,0.0000,4868.9350,0.4249,0.9990,0.0000,-0.5423,0.0400,2.2140,1754
^SPX,2024-01-24 16:00:00,SPX,2024-02-16,3530.000,P,0.1430,0.1433,0.1428,0.1430,133,100,0.0930,670,0.1930,4868.3700,4869.5000,0.0000,4868.9350,0.4249,-0.0010,0.0000,-0.0376,0.0400,-0.0031,4992
^SPX,2024-01-24 16:00:00,SPX,2024-02-16,3540.000,C,1340.7692,1343.4507,1338.0877,1340.7692,6,0,1330.7134,250,1350.8250,4868.3700,4869.5000,0.0000,4868.9350,0.4213,0.9990,0.0000,-0.5436,0.0402,2.2202,1268
^SPX,2024-01-24 16:15:00,SPX,2024-02-16,3540.000,P,0.1424,0.1427,0.1422,0.1424,140,100,0.0924,100,0.1924,4868.3700,4869.5000,0.0000,4868.9350,0.4213,-0.0010,0.0000,-0.0375,0.0402,-0.0031,4529
^SPX,2024-01-24 16:00:00,SPX,2024-02-16,3550.000,C,1330.8017,1333.4633,1328.1401,1330.8017,58,500,1320.8207,740,1340.7827,4868.3700,4869.5000,0.0000,4868.9350,0.4177,0.9990,0.0000,-0.5448,0.0403,2.2265,4051
^SPX,2024-01-24 16:00:00,SPX,2024-02-16,3550.000,P,0.1419,0.1422,0.1416,0.1419,124,100,0.0919,15,0.1919,4868.3700,4869.5000,0.0000,4868.9350,0.4177,-0.0010,0.0000,-0.0373,0.0403,-0.0031,2338
^SPX,2024-01-24 16:00:00,SPX,2024-02-16,3560.000,C,1320.8343,1323.4760,1318.1926,1320.8343,110,31,1310.9280,670,1330.7405,4868.3700,4869.5000,0.0000,4868.9350,0.4142,0.9990,0.0000,-0.5461,0.0405,2.2328,4432
^SPX,2024-01-24 16:00:00,SPX,2024-02-16,3560.000,P,0.1415,0.1418,0.1412,0.1415,133,500,0.0915,100,0.1915,4868.3700,4869.5000,0.0000,4868.9350,0.4142,-0.0010,0.0000,-0.0372,0.0405,-0.0031,1532
^SPX,2024-01-24 16:15:00,SPX,2024-02-16,3570.000,C,1310.8670,1313.4887,1308.2452,1310.8670,144,500,1301.0355,670,1320.6985,4868.3700,4869.5000,0.0000,4868.9350,0.4107,0.9990,0.0000,-0.5475,0.0407,2.2390,1044
^SPX,2024-01-24 16:15:00,SPX,2024-02-16,3570.000,P,0.1411,0.1414,0.1408,0.1411,122,31,0.0911,670,0.1911,4868.3700,4869.5000,0.0000,4868.9350,0.4107,-0.0010,0.0000,-0.0371,0.0407,-0.0031,3445
^SPX,2024-01-24 16:15:00,SPX,2024-02-16,3580.000,C,1300.8997,1303.5015,1298.2979,1300.8997,40,250,1291.1430,250,1310.6565,4868.3700,4869.5000,0.0000,4868.9350,0.4072,0.9990,0.0000,-0.5488,0.0410,2.2453,4482
^SPX,2024-01-24 16:15:00,SPX,2024-02-16,3580.000,P,0.1408,0.1411,0.1406,0.1408,103,100,0.0908,670,0.1908,4868.3700,4869.5000,0.0000,4868.9350,0.4072,-0.0010,0.0000,-0.0370,0.0410,-0.0031,2376
^SPX,2024-01-24 16:15:00,SPX,2024-02-16,3590.000,C,1290.9325,1293.5144,1288.3507,1290.9325,3,31,1281.2505,670,1300.6145,4868.3700,4869.5000,0.0000,4868.9350,0.4038,0.9990,0.0000,-0.5501,0.0412,2.2516,2752
^SPX,2024-01-24 16:15:00,SPX,2024-02-16,3590.000,P,0.1406,0.1409,0.1404,0.1406,7,0,0.0906,100,0.1906,4868.3700,4869.5000,0.0000,4868.9350,0.4038,-0.0010,0.0000,-0.0369,0.0412,-0.0032,2507
^SPX,2024-01-24 16:15:00,SPX,2024-02-16,3600.000,C,1280.9654,1283.5274,1278.4035,1280.9654,70,100,1271.3582,100,1290.5727,4868.3700,4869.5000,0.0000,4868.9350,0.4004,0.9990,0.0000,-0.5515,0.0415,2.2578,3699
^SPX,2024-01-24 16:00:00,SPX,2024-02-16,3600.000,P,0.1405,0.1408,0.1402,0.1405,129,250,0.0905,30,0.1905,4868.3700,4869.5000,0.0000,4868.9350,0.4004,-0.0010,0.0000,-0.0369,0.0415,-0.0032,4444
^SPX,2024-01-24 16:15:00,SPX,2024-02-16,3610.000,C,1270.9984,1273.5404,1268.4564,1270.9984,28,15,1261.4659,250,1280.5309,4868.3700,4869.5000,0.0000,4868.9350,0.3970,0.9990,0.0000,-0.5529,0.0418,2.2641,480
^SPX,2024-01-24 16:00:00,SPX,2024-02-16,3610.000,P,0.1405,0.1408,0.1402,0.1405,102,31,0.0905,670,0.1905,4868.3700,4869.5000,0.0000,4868.9350,0.3970,-0.0010,0.0000,-0.0368,0.0418,-0.0032,710
^SPX,2024-01-24 16:00:00,SPX,2024-02-16,3620.000,C,1261.0315,1263.5536,1258.5094,1261.0315,23,31,1251.5738,15,1270.4892,4868.3700,4869.5000,0.0000,4868.9350,0.3936,0.9990,0.0000,-0.5543,0.0421,2.2703,3855
^SPX,2024-01-24 16:00:00,SPX,2024-02-16,3620.000,P,0.1405,0.1408,0.1403,0.1405,144,100,0.0905,250,0.1905,4868.3700,4869.5000,0.0000,4868.9350,0.3936,-0.0010,0.0000,-0.0368,0.0421,-0.0032,2941
^SPX,2024-01-24 16:00:00,SPX,2024-02-16,3630.000,C,1251.0647,1253.5668,1248.5625,1251.0647,55,31,1241.6817,30,1260.4476,4868.3700,4869.5000,0.0000,4868.9350,0.3903,0.9990,0.0000,-0.5557,0.0425,2.2766,3767
^SPX,2024-01-24 16:15:00,SPX,2024-02-16,3630.000,P,0.1407,0.1410,0.1404,0.1407,10,500,0.0907,30,0.1907,4868.3700,4869.5000,0.0000,4868.9350,0.3903,-0.0010,0.0000,-0.0368,0.0425,-0.0033,4037
^SPX,2024-01-24 16:15:00,SPX,2024-02-16,3640.000,C,1241.0979,1243.5801,1238.6157,1241.0979,120,100,1231.7897,250,1250.4061,4868.3700,4869.5000,0.0000,4868.9350,0.3870,0.9990,0.0000,-0.5571,0.0429,2.2828,4052
^SPX,2024-01-24 16:00:00,SPX,2024-02-16,3640.000,P,0.1409,0.1412,0.1406,0.1409,136,100,0.0909,670,0.1909,4868.3700,4869.5000,0.0000,4868.9350,0.3870,-0.0010,0.0000,-0.0368,0.0429,-0.0033,569
^SPX,2024-01-24 16:00:00,SPX,2024-02-16,3650.000,C,1231.1312,1233.5935,1228.6690,1231.1312,56,100,1221.8978,670,1240.3647,4868.3700,4869.5000,0.0000,4868.9350,0.3837,0.9989,0.0000,-0.5586,0.0433,2.2891,1691
^SPX,2024-01-24 16:15:00,SPX,2024-02-16,3650.000,P,0.1412,0.1415,0.1409,0.1412,89,250,0.0912,740,0.1912,4868.3700,4869.5000,0.0000,4868.9350,0.3837,-0.0011,0.0000,-0.0368,0.0433,-0.0033,2581
^SPX,2024-01-24 16:15:00,SPX,2024-02-16,3660.000,C,1221.1647,1223.6070,1218.7223,1221.1647,41,100,1212.0059,670,1230.3234,4868.3700,4869.5000,0.0000,4868.9350,0.3805,0.9989,0.0000,-0.5601,0.0437,2.2953,2467
^SPX,2024-01-24 16:00:00,SPX,2024-02-16,3660.000,P,0.1416,0.1419,0.1413,0.1416,148,0,0.0916,15,0.1916,4868.3700,4869.5000,0.0000,4868.9350,0.3805,-0.0011,0.0000,-0.0369,0.0437,-0.0034,3706
^SPX,2024-01-24 16:00:00,SPX,2024-02-16,3670.000,C,1211.1982,1213.6206,1208.7758,1211.1982,39,500,1202.1142,250,1220.2822,4868.3700,4869.5000,0.0000,4868.9350,0.3772,0.9989,0.0000,-0.5616,0.0441,2.3016,4489
^SPX,2024-01-24 16:00:00,SPX,2024-02-16,3670.000,P,0.1421,0.1424,0.1418,0.1421,5,500,0.0921,100,0.1921,4868.3700,4869.5000,0.0000,4868.9350,0.3772,-0.0011,0.0000,-0.0370,0.0441,-0.0034,1322
^SPX,2024-01-24 16:15:00,SPX,2024-02-16,3680.000,C,1201.2318,1203.6343,1198.8293,1201.2318,99,31,1192.2225,15,1210.2410,4868.3700,4869.5000,0.0000,4868.9350,0.3740,0.9989,0.0000,-0.5631,0.0446,2.3078,2241
^SPX,2024-01-24 16:00:00,SPX,2024-02-16,3680.000,P,0.1427,0.1429,0.1424,0.1427,33,31,0.0927,670,0.1927,4868.3700,4869.5000,0.0000,4868.9350,0.3740,-0.0011,0.0000,-0.0371,0.0446,-0.0034,2186
^SPX,2024-01-24 16:00:00,SPX,2024-02-16,3690.000,C,1191.2655,1193.6480,1188.8830,1191.2655,150,250,1182.3310,670,1200.2000,4868.3700,4869.5000,0.0000,4868.9350,0.3709,0.9989,0.0000,-0.5646,0.0451,2.3140,2394
^SPX,2024-01-24 16:00:00,SPX,2024-02-16,3690.000,P,0.1433,0.1436,0.1430,0.1433,125,15,0.0933,670,0.1933,4868.3700,4869.5000,0.0000,4868.9350,0.3709,-0.0011,0.0000,-0.0372,0.0451,-0.0035,3839
^SPX,2024-01-24 16:15:00,SPX,2024-02-16,3700.000,C,1181.2993,1183.6619,1178.9367,1181.2993,22,500,1172.4396,15,1190.1590,4868.3700,4869.5000,0.0000,4868.9350,0.3677,0.9989,0.0000,-0.5662,0.0457,2.3203,1777
^SPX,2024-01-24 16:15:00,SPX,2024-02-16,3700.000,P,0.1441,0.1444,0.1438,0.1441,51,100,0.0941,250,0.1941,4868.3700,4869.5000,0.0000,4868.9350,0.3677,-0.0011,0.0000,-0.0373,0.0457,-0.0035,4516
^SPX,2024-01-24 16:15:00,SPX,2024-02-16,3710.000,C,1171.3332,1173.6759,1168.9905,1171.3332,148,500,1162.5482,100,1180.1182,4868.3700,4869.5000,0.0000,4868.9350,0.3646,0.9989,0.0000,-0.5677,0.0463,2.3265,4078
^SPX,2024-01-24 16:00:00,SPX,2024-02-16,3710.000,P,0.1450,0.1453,0.1447,0.1450,47,15,0.0950,740,0.1950,4868.3700,4869.5000,0.0000,4868.9350,0.3646,-0.0011,0.0000,-0.0375,0.0463,-0.0036,2103
^SPX,2024-01-24 16:15:00,SPX,2024-02-16,3720.000,C,1161.3672,1163.6899,1159.0445,1161.3672,60,100,1152.6570,250,1170.0775,4868.3700,4869.5000,0.0000,4868.9350,0.3615,0.9988,0.0000,-0.5693,0.0469,2.3327,209
^SPX,2024-01-24 16:00:00,SPX,2024-02-16,3720.000,P,0.1460,0.1463,0.1457,0.1460,81,0,0.0960,30,0.1960,4868.3700,4869.5000,0.0000,4868.9350,0.3615,-0.0012,0.0000,-0.0377,0.0469,-0.0036,629
^SPX,2024-01-24 16:00:00,SPX,2024-02-16,3730.000,C,1151.4013,1153.7041,1149.0985,1151.4013,73,0,1142.7658,740,1160.0368,4868.3700,4869.5000,0.0000,4868.9350,0.3584,0.9988,0.0000,-0.5709,0.0475,2.3390,1130
^SPX,2024-01-24 16:15:00,SPX,2024-02-16,3730.000,P,0.1471,0.1474,0.1468,0.1471,97,0,0.0971,30,0.1971,4868.3700,4869.5000,0.0000,4868.9350,0.3584,-0.0012,0.0000,-0.0379,0.0475,-0.0037,1997
^SPX,2024-01-24 16:15:00,SPX,2024-02-16,3740.000,C,1141.4356,1143.7184,1139.1527,1141.4356,44,31,1132.8748,15,1149.9963,4868.3700,4869.5000,0.0000,4868.9350,0.3554,0.9988,0.0000,-0.5726,0.0482,2.3452,4279
^SPX,2024-01-24 16:15:00,SPX,2024-02-16,3740.000,P,0.1483,0.1486,0.1480,0.1483,24,100,0.0983,670,0.1983,4868.3700,4869.5000,0.0000,4868.9350,0.3554,-0.0012,0.0000,-0.0381,0.0482,-0.0037,2262
^SPX,2024-01-24 16:00:00,SPX,2024-02-16,3750.000,C,1131.4699,1133.7329,1129.2070,1131.4699,44,0,1122.9839,740,1139.9559,4868.3700,4869.5000,0.0000,4868.9350,0.3524,0.9988,0.0000,-0.5742,0.0489,2.3514,1981
^SPX,2024-01-24 16:15:00,SPX,2024-02-16,3750.000,P,0.1496,0.1499,0.1493,0.1496,29,31,0.0996,100,0.1996,4868.3700,4869.5000,0.0000,4868.9350,0.3524,-0.0012,0.0000,-0.0384,0.0489,-0.0038,1994
^SPX,2024-01-24 16:00:00,SPX,2024-02-16,3760.000,C,1121.5044,1123.7474,1119.2614,1121.5044,45,500,1113.0931,100,1129.9157,4868.3700,4869.5000,0.0000,4868.9350,0.3494,0.9988,0.0000,-0.5759,0.0497,2.3576,4214
^SPX,2024-01-24 16:00:00,SPX,2024-02-16,3760.000,P,0.1510,0.1513,0.1507,0.1510,9,15,0.1010,100,0.2010,4868.3700,4869.5000,0.0000,4868.9350,0.3494,-0.0012,0.0000,-0.0386,0.0497,-0.0039,1412
^SPX,2024-01-24 16:15:00,SPX,2024-02-16,3770.000,C,1111.5390,1113.7621,1109.3159,1111.5390,123,15,1103.2024,100,1119.8755,4868.3700,4869.5000,0.0000,4868.9350,0.3464,0.9987,0.0000,-0.5776,0.0505,2.3638,2266
^SPX,2024-01-24 16:15:00,SPX,2024-02-16,3770.000,P,0.1526,0.1529,0.1523,0.1526,133,15,0.1026,250,0.2026,4868.3700,4869.5000,0.0000,4868.9350,0.3464,-0.0013,0.0000,-0.0389,0.0505,-0.0039,991
^SPX,2024-01-24 16:15:00,SPX,2024-02-16,3780.000,C,1101.5737,1103.7769,1099.3706,1101.5737,23,31,1093.3119,15,1109.8355,4868.3700,4869.5000,0.0000,4868.9350,0.3435,0.9987,0.0000,-0.5794,0.0514,2.3700,1058
^SPX,2024-01-24 16:00:00,SPX,2024-02-16,3780.000,P,0.1543,0.1546,0.1540,0.1543,28,500,0.1043,100,0.2043,4868.3700,4869.5000,0.0000,4868.9350,0.3435,-0.0013,0.0000,-0.0393,0.0514,-0.0040,4383
^SPX,2024-01-24 16:00:00,SPX,2024-02-16,3790.000,C,1091.6086,1093.7918,1089.4254,1091.6086,85,31,1083.4215,670,1099.7956,4868.3700,4869.5000,0.0000,4868.9350,0.3406,0.9987,0.0000,-0.5811,0.0523,2.3762,481
^SPX,2024-01-24 16:00:00,SPX,2024-02-16,3790.000,P,0.1561,0.1564,0.1558,0.1561,148,100,0.1061,250,0.2061,4868.3700,4869.5000,0.0000,4868.9350,0.3406,-0.0013,0.0000,-0.0396,0.0523,-0.0041,730
^SPX,2024-01-24 16:00:00,SPX,2024-02-16,3800.000,C,1081.6436,1083.8069,1079.4803,1081.6436,138,100,1073.5312,250,1089.7559,4868.3700,4869.5000,0.0000,4868.9350,0.3377,0.9987,0.0000,-0.5829,0.0532,2.3824,589
^SPX,2024-01-24 16:00:00,SPX,2024-02-16,3800.000,P,0.1581,0.1584,0.1578,0.1581,148,100,0.1081,15,0.2081,4868.3700,4869.5000,0.0000,4868.9350,0.3377,-0.0013,0.0000,-0.0400,0.0532,-0.0042,542
^SPX,2024-01-24 16:15:00,SPX,2024-02-16,3810.000,C,1071.6787,1073.8221,1069.5354,1071.6787,33,500,1063.6411,250,1079.7163,4868.3700,4869.5000,0.0000,4868.9350,0.3348,0.9986,0.0000,-0.5847,0.0542,2.3886,2283
^SPX,2024-01-24 16:15:00,SPX,2024-02-16,3810.000,P,0.1602,0.1606,0.1599,0.1602,55,15,0.1102,670,0.2102,4868.3700,4869.5000,0.0000,4868.9350,0.3348,-0.0014,0.0000,-0.0405,0.0542,-0.0042,3539
^SPX,2024-01-24 16:15:00,SPX,2024-02-16,3820.000,C,1061.7140,1063.8375,1059.5906,1061.7140,130,0,1053.7512,250,1069.6769,4868.3700,4869.5000,0.0000,4868.9350,0.3320,0.9986,0.0000,-0.5866,0.0553,2.3948,3190
^SPX,2024-01-24 16:15:00,SPX,2024-02-16,3820.000,P,0.1625,0.1628,0.1622,0.1625,121,15,0.1125,670,0.2125,4868.3700,4869.5000,0.0000,4868.9350,0.3320,-0.0014,0.0000,-0.0409,0.0553,-0.0043,2355
^SPX,2024-01-24 16:00:00,SPX,2024-02-16,3830.000,C,1051.7495,1053.8530,1049.6460,1051.7495,117,31,1043.8614,15,1059.6376,4868.3700,4869.5000,0.0000,4868.9350,0.3291,0.9986,0.0000,-0.5884,0.0564,2.4010,953
^SPX,2024-01-24 16:15:00,SPX,2024-02-16,3830.000,P,0.1650,0.1653,0.1646,0.1650,99,500,0.1150,670,0.2150,4868.3700,4869.5000,0.0000,4868.9350,0.3291,-0.0014,0.0000,-0.0414,0.0564,-0.0044,2299
^SPX,2024-01-24 16:15:00,SPX,2024-02-16,3840.000,C,1041.7851,1043.8687,1039.7016,1041.7851,61,0,1033.9717,100,1049.5985,4868.3700,4869.5000,0.0000,4868.9350,0.3263,0.9986,0.0000,-0.5903,0.0576,2.4072,2245
^SPX,2024-01-24 16:00:00,SPX,2024-02-16,3840.000,P,0.1676,0.1679,0.1672,0.1676,105,250,0.1176,250,0.2176,4868.3700,4869.5000,0.0000,4868.9350,0.3263,-0.0014,0.0000,-0.0419,0.0576,-0.0045,3354
^SPX,2024-01-24 16:00:00,SPX,2024-02-16,3850.000,C,1031.8210,1033.8846,1029.7573,1031.8210,12,500,1024.0823,250,1039.5596,4868.3700,4869.5000,0.0000,4868.9350,0.3236,0.9985,0.0000,-0.5923,0.0589,2.4134,4309
^SPX,2024-01-24 16:15:00,SPX,2024-02-16,3850.000,P,0.1704,0.1707,0.1700,0.1704,90,31,0.1204,30,0.2204,4868.3700,4869.5000,0.0000,4868.9350,0.3236,-0.0015,0.0000,-0.0425,0.0589,-0.0046,4860
^SPX,2024-01-24 16:00:00,SPX,2024-02-16,3860.000,C,1021.8570,1023.9007,1019.8132,1021.8570,81,0,1014.1930,740,1029.5209,4868.3700,4869.5000,0.0000,4868.9350,0.3208,0.9985,0.0000,-0.5942,0.0602,2.4195,3947
^SPX,2024-01-24 16:00:00,SPX,2024-02-16,3860.000,P,0.1733,0.1737,0.1730,0.1733,35,31,0.1233,670,0.2233,4868.3700,4869.5000,0.0000,4868.9350,0.3208,-0.0015,0.0000,-0.0430,0.0602,-0.0048,1602
^SPX,2024-01-24 16:15:00,SPX,2024-02-16,3870.000,C,1011.8932,1013.9169,1009.8694,1011.8932,105,15,1004.3040,740,1019.4824,4868.3700,4869.5000,0.0000,4868.9350,0.3181,0.9984,0.0000,-0.5962,0.0615,2.4257,3051
^SPX,2024-01-24 16:15:00,SPX,2024-02-16,3870.000,P,0.1765,0.1769,0.1761,0.1765,5,500,0.1265,670,0.2265,4868.3700,4869.5000,0.0000,4868.9350,0.3181,-0.0016,0.0000,-0.0437,0.0615,-0.0049,2861
^SPX,2024-01-24 16:15:00,SPX,2024-02-16,3880.000,C,1001.9296,1003.9334,999.9257,1001.9296,132,31,994.4151,250,1009.4440,4868.3700,4869.5000,0.0000,4868.9350,0.3154,0.9984,0.0000,-0.5983,0.0630,2.4319,774
^SPX,2024-01-24 16:15:00,SPX,2024-02-16,3880.000,P,0.1799,0.1802,0.1795,0.1799,32,31,0.1299,250,0.2299,4868.3700,4869.5000,0.0000,4868.9350,0.3154,-0.0016,0.0000,-0.0443,0.0630,-0.0050,3878
^SPX,2024-01-24 16:00:00,SPX,2024-02-16,3890.000,C,991.9662,993.9501,989.9823,991.9662,97,500,984.5264,15,999.4059,4868.3700,4869.5000,0.0000,4868.9350,0.3127,0.9984,0.0000,-0.6004,0.0645,2.4380,1982
^SPX,2024-01-24 16:00:00,SPX,2024-02-16,3890.000,P,0.1835,0.1838,0.1831,0.1835,2,15,0.1335,250,0.2335,4868.3700,4869.5000,0.0000,4868.9350,0.3127,-0.0016,0.0000,-0.0450,0.0645,-0.0051,2349
^SPX,2024-01-24 16:15:00,SPX,2024-02-16,3900.000,C,982.0030,983.9670,980.0390,982.0030,23,15,974.6380,250,989.3681,4868.3700,4869.5000,0.0000,4868.9350,0.3100,0.9983,0.0000,-0.6025,0.0662,2.4441,4894
^SPX,2024-01-24 16:15:00,SPX,2024-02-16,3900.000,P,0.1873,0.1877,0.1869,0.1873,116,500,0.1373,30,0.2373,4868.3700,4869.5000,0.0000,4868.9350,0.3100,-0.0017,0.0000,-0.0458,0.0662,-0.0053,1848
^SPX,2024-01-24 16:15:00,SPX,2024-02-16,3910.000,C,972.0401,973.9842,970.0961,972.0401,64,31,964.7498,100,979.3304,4868.3700,4869.5000,0.0000,4868.9350,0.3074,0.9983,0.0000,-0.6047,0.0679,2.4503,159
^SPX,2024-01-24 16:00:00,SPX,2024-02-16,3910.000,P,0.1914,0.1918,0.1910,0.1914,78,250,0.1414,250,0.2414,4868.3700,4869.5000,0.0000,4868.9350,0.3074,-0.0017,0.0000,-0.0466,0.0679,-0.0054,575
^SPX,2024-01-24 16:15:00,SPX,2024-02-16,3920.000,C,962.0775,964.0017,960.1533,962.0775,14,15,954.8619,15,969.2931,4868.3700,4869.5000,0.0000,4868.9350,0.3048,0.9982,0.0000,-0.6069,0.0697,2.4564,3880
^SPX,2024-01-24 16:15:00,SPX,2024-02-16,3920.000,P,0.1957,0.1961,0.1953,0.1957,133,31,0.1457,670,0.2457,4868.3700,4869.5000,0.0000,4868.9350,0.3048,-0.0018,0.0000,-0.0474,0.0697,-0.0056,2602
^SPX,2024-01-24 16:15:00,SPX,2024-02-16,3930.000,C,952.1151,954.0194,950.2109,952.1151,15,500,944.9743,30,959.2560,4868.3700,4869.5000,0.0000,4868.9350,0.3022,0.9982,0.0000,-0.6091,0.0716,2.4625,3668
^SPX,2024-01-24 16:15:00,SPX,2024-02-16,3930.000,P,0.2003,0.2007,0.1999,0.2003,99,31,0.1503,30,0.2503,4868.3700,4869.5000,0.0000,4868.9350,0.3022,-0.0018,0.0000,-0.0483,0.0716,-0.0057,3532
^SPX,2024-01-24 16:00:00,SPX,2024-02-16,3940.000,C,942.1530,944.0373,940.2687,942.1530,53,250,935.0869,250,949.2192,4868.3700,4869.5000,0.0000,4868.9350,0.2996,0.9981,0.0000,-0.6114,0.0736,2.4686,575
^SPX,2024-01-24 16:00:00,SPX,2024-02-16,3940.000,P,0.2052,0.2056,0.2048,0.2052,13,250,0.1552,100,0.2552,4868.3700,4869.5000,0.0000,4868.9350,0.2996,-0.0019,0.0000,-0.0493,0.0736,-0.0059,2151
^SPX,2024-01-24 16:15:00,SPX,2024-02-16,3950.000,C,932.1913,934.0556,930.3269,932.1913,143,100,925.1998,100,939.1827,4868.3700,4869.5000,0.0000,4868.9350,0.2971,0.9981,0.0000,-0.6138,0.0757,2.4747,3905
^SPX,2024-01-24 16:15:00,SPX,2024-02-16,3950.000,P,0.2104,0.2108,0.2100,0.2104,111,0,0.1604,670,0.2604,4868.3700,4869.5000,0.0000,4868.9350,0.2971,-0.0019,0.0000,-0.0503,0.0757,-0.0061,1998
^SPX,2024-01-24 16:00:00,SPX,2024-02-16,3960.000,C,922.2298,924.0743,920.3854,922.2298,28,250,915.3131,30,929.1465,4868.3700,4869.5000,0.0000,4868.9350,0.2946,0.9980,0.0000,-0.6162,0.0779,2.4808,2656
^SPX,2024-01-24 16:15:00,SPX,2024-02-16,3960.000,P,0.2159,0.2163,0.2155,0.2159,67,100,0.1659,740,0.2659,4868.3700,4869.5000,0.0000,4868.9350,0.2946,-0.0020,0.0000,-0.0513,0.0779,-0.0063,4099
^SPX,2024-01-24 16:15:00,SPX,2024-02-16,3970.000,C,912.2687,914.0932,910.4442,912.2687,6,31,905.4267,740,919.1107,4868.3700,4869.5000,0.0000,4868.9350,0.2920,0.9979,0.0000,-0.6186,0.0803,2.4869,1042
^SPX,2024-01-24 16:15:00,SPX,2024-02-16,3970.000,P,0.2218,0.2222,0.2213,0.2218,83,500,0.1718,740,0.2718,4868.3700,4869.5000,0.0000,4868.9350,0.2920,-0.0021,0.0000,-0.0524,0.0803,-0.0065,2071
^SPX,2024-01-24 16:00:00,SPX,2024-02-16,3980.000,C,902.3080,904.1126,900.5033,902.3080,8,0,895.5407,740,909.0753,4868.3700,4869.5000,0.0000,4868.9350,0.2896,0.9978,0.0000,-0.6211,0.0827,2.4929,2463
^SPX,2024-01-24 16:00:00,SPX,2024-02-16,3980.000,P,0.2280,0.2285,0.2275,0.2280,11,15,0.1780,30,0.2780,4868.3700,4869.5000,0.0000,4868.9350,0.2896,-0.0022,0.0000,-0.0536,0.0827,-0.0067,1714
^SPX,2024-01-24 16:00:00,SPX,2024-02-16,3990.000,C,892.3476,894.1323,890.5629,892.3476,87,100,885.6550,740,899.0402,4868.3700,4869.5000,0.0000,4868.9350,0.2871,0.9978,0.0000,-0.6237,0.0854,2.4990,3769
^SPX,2024-01-24 16:00:00,SPX,2024-02-16,3990.000,P,0.2346,0.2351,0.2342,0.2346,140,15,0.1846,30,0.2846,4868.3700,4869.5000,0.0000,4868.9350,0.2871,-0.0022,0.0000,-0.0549,0.0854,-0.0070,3787
^SPX,2024-01-24 16:15:00,SPX,2024-02-16,4000.000,C,882.3877,884.1524,880.6229,882.3877,108,31,875.7698,100,889.0056,4868.3700,4869.5000,0.0000,4868.9350,0.2847,0.9977,0.0000,-0.6263,0.0881,2.5050,1045
^SPX,2024-01-24 16:15:00,SPX,2024-02-16,4000.000,P,0.2417,0.2421,0.2412,0.2417,1,0,0.1917,15,0.2917,4868.3700,4869.5000,0.0000,4868.9350,0.2847,-0.0023,0.0000,-0.0562,0.0881,-0.0072,704
^SPX,2024-01-24 16:15:00,SPX,2024-02-16,4010.000,C,872.4282,874.1730,870.6833,872.4282,87,250,865.8850,100,878.9714,4868.3700,4869.5000,0.0000,4868.9350,0.2822,0.9976,0.0000,-0.6291,0.0911,2.5110,776
^SPX,2024-01-24 16:00:00,SPX,2024-02-16,4010.000,P,0.2491,0.2496,0.2486,0.2491,5,500,0.1991,100,0.2991,4868.3700,4869.5000,0.0000,4868.9350,0.2822,-0.0024,0.0000,-0.0576,0.0911,-0.0075,413
^SPX,2024-01-24 16:00:00,SPX,2024-02-16,4020.000,C,862.4691,864.1941,860.7442,862.4691,102,31,856.0006,740,868.9377,4868.3700,4869.5000,0.0000,4868.9350,0.2798,0.9975,0.0000,-0.6318,0.0942,2.5170,4719
^SPX,2024-01-24 16:00:00,SPX,2024-02-16,4020.000,P,0.2571,0.2576,0.2566,0.2571,1,500,0.2071,15,0.3071,4868.3700,4869.5000,0.0000,4868.9350,0.2798,-0.0025,0.0000,-0.0591,0.0942,-0.0078,4590
^SPX,2024-01-24 16:15:00,SPX,2024-02-16,4030.000,C,852.5106,854.2156,850.8056,852.5106,37,0,846.1168,100,858.9045,4868.3700,4869.5000,0.0000,4868.9350,0.2775,0.9974,0.0000,-0.6347,0.0975,2.5230,1933
^SPX,2024-01-24 16:15:00,SPX,2024-02-16,4030.000,P,0.2655,0.2661,0.2650,0.2655,128,31,0.2155,740,0.3155,4868.3700,4869.5000,0.0000,4868.9350,0.2775,-0.0026,0.0000,-0.0606,0.0975,-0.0081,2907
^SPX,2024-01-24 16:15:00,SPX,2024-02-16,4040.000,C,842.5526,844.2377,840.8675,842.5526,21,500,836.2335,250,848.8718,4868.3700,4869.5000,0.0000,4868.9350,0.2751,0.9973,0.0000,-0.6376,0.1009,2.5290,561
^SPX,2024-01-24 16:00:00,SPX,2024-02-16,4040.000,P,0.2745,0.2751,0.2740,0.2745,2,250,0.2245,15,0.3245,4868.3700,4869.5000,0.0000,4868.9350,0.2751,-0.0027,0.0000,-0.0623,0.1009,-0.0084,4323
^SPX,2024-01-24 16:00:00,SPX,2024-02-16,4050.000,C,832.5952,834.2604,830.9300,832.5952,34,250,826.3508,670,838.8397,4868.3700,4869.5000,0.0000,4868.9350,0.2728,0.9972,0.0000,-0.6406,0.1046,2.5349,2247
^SPX,2024-01-24 16:00:00,SPX,2024-02-16,4050.000,P,0.2841,0.2847,0.2835,0.2841,20,250,0.2341,30,0.3341,4868.3700,4869.5000,0.0000,4868.9350,0.2728,-0.0028,0.0000,-0.0640,0.1046,-0.0087,2047
^SPX,2024-01-24 16:00:00,SPX,2024-02-16,4060.000,C,822.6384,824.2837,820.9932,822.6384,140,15,816.4686,15,828.8082,4868.3700,4869.5000,0.0000,4868.9350,0.2705,0.9971,0.0000,-0.6437,0.1085,2.5408,2312
^SPX,2024-01-24 16:00:00,SPX,2024-02-16,4060.000,P,0.2943,0.2948,0.2937,0.2943,79,500,0.2443,15,0.3443,4868.3700,4869.5000,0.0000,4868.9350,0.2705,-0.0029,0.0000,-0.0658,0.1085,-0.0091,2018
^SPX,2024-01-24 16:15:00,SPX,2024-02-16,4070.000,C,812.6823,814.3077,811.0569,812.6823,37,100,806.5872,670,818.7774,4868.3700,4869.5000,0.0000,4868.9350,0.2682,0.9970,0.0000,-0.6469,0.1126,2.5467,3714
^SPX,2024-01-24 16:15:00,SPX,2024-02-16,4070.000,P,0.3051,0.3057,0.3045,0.3051,128,250,0.2551,30,0.3551,4868.3700,4869.5000,0.0000,4868.9350,0.2682,-0.0030,0.0000,-0.0678,0.1126,-0.0095,1017
^SPX,2024-01-24 16:15:00,SPX,2024-02-16,4080.000,C,802.7269,804.3323,801.1214,802.7269,17,500,796.7064,30,808.7473,4868.3700,4869.5000,0.0000,4868.9350,0.2659,0.9968,0.0000,-0.6502,0.1169,2.5526,4143
^SPX,2024-01-24 16:15:00,SPX,2024-02-16,4080.000,P,0.3166,0.3173,0.3160,0.3166,137,250,0.2666,250,0.3666,4868.3700,4869.5000,0.0000,4868.9350,0.2659,-0.0032,0.0000,-0.0698,0.1169,-0.0099,1150
^SPX,2024-01-24 16:00:00,SPX,2024-02-16,4090.000,C,792.7722,794.3577,791.1866,792.7722,1,0,786.8264,30,798.7180,4868.3700,4869.5000,0.0000,4868.9350,0.2636,0.9967,0.0000,-0.6536,0.1215,2.5584,2407
^SPX,2024-01-24 16:15:00,SPX,2024-02-16,4090.000,P,0.3289,0.3296,0.3283,0.3289,54,250,0.2789,15,0.3789,4868.3700,4869.5000,0.0000,4868.9350,0.2636,-0.0033,0.0000,-0.0720,0.1215,-0.0103,1003
^SPX,2024-01-24 16:00:00,SPX,2024-02-16,4100.000,C,782.8183,784.3840,781.2527,782.8183,111,0,776.9472,30,788.6895,4868.3700,4869.5000,0.0000,4868.9350,0.2614,0.9966,0.0000,-0.6572,0.1264,2.5643,1407
^SPX,2024-01-24 16:15:00,SPX,2024-02-16,4100.000,P,0.3420,0.3427,0.3413,0.3420,114,15,0.2920,250,0.3920,4868.3700,4869.5000,0.0000,4868.9350,0.2614,-0.0034,0.0000,-0.0743,0.1264,-0.0108,796
^SPX,2024-01-24 16:15:00,SPX,2024-02-16,4110.000,C,772.8653,774.4110,771.3196,772.8653,149,31,767.0688,670,778.6618,4868.3700,4869.5000,0.0000,4868.9350,0.2592,0.9964,0.0000,-0.6608,0.1316,2.5701,3256
^SPX,2024-01-24 16:15:00,SPX,2024-02-16,4110.000,P,0.3560,0.3567,0.3553,0.3560,86,250,0.3060,100,0.4060,4868.3700,4869.5000,0.0000,4868.9350,0.2592,-0.0036,0.0000,-0.0767,0.1316,-0.0113,3391
^SPX,2024-01-24 16:15:00,SPX,2024-02-16,4120.000,C,762.9133,764.4391,761.3874,762.9133,62,0,757.1914,100,768.6351,4868.3700,4869.5000,0.0000,4868.9350,0.2570,0.9962,0.0000,-0.6645,0.1371,2.5758,4754
^SPX,2024-01-24 16:15:00,SPX,2024-02-16,4120.000,P,0.3709,0.3717,0.3702,0.3709,97,500,0.3209,740,0.4209,4868.3700,4869.5000,0.0000,4868.9350,0.2570,-0.0038,0.0000,-0.0793,0.1371,-0.0118,4002
^SPX,2024-01-24 16:00:00,SPX,2024-02-16,4130.000,C,752.9622,754.4681,751.4563,752.9622,55,31,747.3150,250,758.6094,4868.3700,4869.5000,0.0000,4868.9350,0.2548,0.9961,0.0000,-0.6684,0.1429,2.5815,2467
^SPX,2024-01-24 16:00:00,SPX,2024-02-16,4130.000,P,0.3868,0.3876,0.3860,0.3868,11,500,0.3368,30,0.4368,4868.3700,4869.5000,0.0000,4868.9350,0.2548,-0.0039,0.0000,-0.0820,0.1429,-0.0123,480
^SPX,2024-01-24 16:00:00,SPX,2024-02-16,4140.000,C,743.0122,744.4982,741.5262,743.0122,53,500,737.4396,100,748.5848,4868.3700,4869.5000,0.0000,4868.9350,0.2527,0.9959,0.0000,-0.6725,0.1491,2.5872,3181
^SPX,2024-01-24 16:15:00,SPX,2024-02-16,4140.000,P,0.4038,0.4046,0.4030,0.4038,136,500,0.3538,250,0.4538,4868.3700,4869.5000,0.0000,4868.9350,0.2527,-0.0041,0.0000,-0.0848,0.1491,-0.0129,2351
^SPX,2024-01-24 16:15:00,SPX,2024-02-16,4150.000,C,733.0634,734.5295,731.5973,733.0634,149,500,727.5654,250,738.5614,4868.3700,4869.5000,0.0000,4868.9350,0.2505,0.9957,0.0000,-0.6766,0.1557,2.5929,751
^SPX,2024-01-24 16:15:00,SPX,2024-02-16,4150.000,P,0.4220,0.4228,0.4211,0.4220,104,0,0.3720,740,0.4720,4868.3700,4869.5000,0.0000,4868.9350,0.2505,-0.0043,0.0000,-0.0879,0.1557,-0.0136,3861
^SPX,2024-01-24 16:15:00,SPX,2024-02-16,4160.000,C,723.1158,724.5621,721.6696,723.1158,89,500,717.6924,100,728.5392,4868.3700,4869.5000,0.0000,4868.9350,0.2484,0.9954,0.0000,-0.6809,0.1626,2.5985,4727
^SPX,2024-01-24 16:00:00,SPX,2024-02-16,4160.000,P,0.4414,0.4422,0.4405,0.4414,33,500,0.3914,15,0.4914,4868.3700,4869.5000,0.0000,4868.9350,0.2484,-0.0046,0.0000,-0.0911,0.1626,-0.0143,476
^SPX,2024-01-24 16:15:00,SPX,2024-02-16,4170.000,C,713.1696,714.5959,711.7433,713.1696,114,15,707.8208,250,718.5184,4868.3700,4869.5000,0.0000,4868.9350,0.2463,0.9952,0.0000,-0.6854,0.1700,2.6040,710
^SPX,2024-01-24 16:15:00,SPX,2024-02-16,4170.000,P,0.4621,0.4630,0.4612,0.4621,67,100,0.4121,30,0.5121,4868.3700,4869.5000,0.0000,4868.9350,0.2463,-0.0048,0.0000,-0.0945,0.1700,-0.0150,864
^SPX,2024-01-24 16:15:00,SPX,2024-02-16,4180.000,C,703.2248,704.6313,701.8184,703.2248,28,31,697.9506,30,708.4990,4868.3700,4869.5000,0.0000,4868.9350,0.2442,0.9950,0.0000,-0.6901,0.1779,2.6095,1991
^SPX,2024-01-24 16:00:00,SPX,2024-02-16,4180.000,P,0.4843,0.4853,0.4834,0.4843,51,0,0.4343,740,0.5343,4868.3700,4869.5000,0.0000,4868.9350,0.2442,-0.0050,0.0000,-0.0980,0.1779,-0.0158,2604
^SPX,2024-01-24 16:00:00,SPX,2024-02-16,4190.000,C,693.2816,694.6682,691.8951,693.2816,140,250,688.0820,250,698.4812,4868.3700,4869.5000,0.0000,4868.9350,0.2422,0.9947,0.0001,-0.6949,0.1863,2.6150,4422
^SPX,2024-01-24 16:00:00,SPX,2024-02-16,4190.000,P,0.5081,0.5091,0.5071,0.5081,62,15,0.4581,670,0.5581,4868.3700,4869.5000,0.0000,4868.9350,0.2422,-0.0053,0.0001,-0.1018,0.1863,-0.0166,2547
^SPX,2024-01-24 16:15:00,SPX,2024-02-16,4200.000,C,683.3401,684.7068,681.9734,683.3401,89,250,678.2151,670,688.4652,4868.3700,4869.5000,0.0000,4868.9350,0.2401,0.9944,0.0001,-0.7000,0.1951,2.6203,1605
^SPX,2024-01-24 16:15:00,SPX,2024-02-16,4200.000,P,0.5336,0.5346,0.5325,0.5336,38,100,0.4836,30,0.5836,4868.3700,4869.5000,0.0000,4868.9350,0.2401,-0.0056,0.0001,-0.1059,0.1951,-0.0175,2216
^SPX,2024-01-24 16:15:00,SPX,2024-02-16,4210.000,C,673.4004,674.7472,672.0536,673.4004,129,0,668.3499,740,678.4509,4868.3700,4869.5000,0.0000,4868.9350,0.2381,0.9941,0.0001,-0.7052,0.2046,2.6257,4914
^SPX,2024-01-24 16:00:00,SPX,2024-02-16,4210.000,P,0.5608,0.5620,0.5597,0.5608,20,100,0.5108,15,0.6108,4868.3700,4869.5000,0.0000,4868.9350,0.2381,-0.0059,0.0001,-0.1101,0.2046,-0.0184,1718
^SPX,2024-01-24 16:15:00,SPX,2024-02-16,4220.000,C,663.4627,664.7897,662.1358,663.4627,38,15,658.4868,740,668.4387,4868.3700,4869.5000,0.0000,4868.9350,0.2361,0.9938,0.0001,-0.7107,0.2147,2.6309,4628
^SPX,2024-01-24 16:00:00,SPX,2024-02-16,4220.000,P,0.5901,0.5913,0.5889,0.5901,77,100,0.5401,740,0.6401,4868.3700,4869.5000,0.0000,4868.9350,0.2361,-0.0062,0.0001,-0.1146,0.2147,-0.0195,4968
^SPX,2024-01-24 16:00:00,SPX,2024-02-16,4230.000,C,653.5272,654.8342,652.2201,653.5272,69,0,648.6257,30,658.4286,4868.3700,4869.5000,0.0000,4868.9350,0.2341,0.9934,0.0001,-0.7164,0.2254,2.6361,2954
^SPX,2024-01-24 16:15:00,SPX,2024-02-16,4230.000,P,0.6215,0.6228,0.6203,0.6215,114,31,0.5715,250,0.6715,4868.3700,4869.5000,0.0000,4868.9350,0.2341,-0.0066,0.0001,-0.1194,0.2254,-0.0206,2210
^SPX,2024-01-24 16:00:00,SPX,2024-02-16,4240.000,C,643.5939,644.8811,642.3067,643.5939,148,0,638.7670,15,648.4209,4868.3700,4869.5000,0.0000,4868.9350,0.2321,0.9930,0.0001,-0.7223,0.2367,2.6412,3550
^SPX,2024-01-24 16:00:00,SPX,2024-02-16,4240.000,P,0.6552,0.6565,0.6539,0.6552,104,250,0.6052,740,0.7052,4868.3700,4869.5000,0.0000,4868.9350,0.2321,-0.0070,0.0001,-0.1244,0.2367,-0.0217,4398
^SPX,2024-01-24 16:15:00,SPX,2024-02-16,4250.000,C,633.6631,634.9305,632.3958,633.6631,38,0,628.9107,15,638.4156,4868.3700,4869.5000,0.0000,4868.9350,0.2302,0.9926,0.0001,-0.7286,0.2489,2.6462,3775
^SPX,2024-01-24 16:15:00,SPX,2024-02-16,4250.000,P,0.6914,0.6928,0.6901,0.6914,62,0,0.6414,740,0.7414,4868.3700,4869.5000,0.0000,4868.9350,0.2302,-0.0074,0.0001,-0.1298,0.2489,-0.0230,1994
^SPX,2024-01-24 16:00:00,SPX,2024-02-16,4260.000,C,623.7351,624.9826,622.4876,623.7351,36,0,619.0571,100,628.4131,4868.3700,4869.5000,0.0000,4868.9350,0.2282,0.9922,0.0001,-0.7350,0.2618,2.6511,1477
^SPX,2024-01-24 16:15:00,SPX,2024-02-16,4260.000,P,0.7304,0.7318,0.7289,0.7304,64,500,0.6804,670,0.7804,4868.3700,4869.5000,0.0000,4868.9350,0.2282,-0.0078,0.0001,-0.1354,0.2618,-0.0244,4146
^SPX,2024-01-24 16:00:00,SPX,2024-02-16,4270.000,C,613.8100,615.0376,612.5824,613.8100,115,15,609.2064,250,618.4135,4868.3700,4869.5000,0.0000,4868.9350,0.2263,0.9917,0.0001,-0.7418,0.2755,2.6560,468
^SPX,2024-01-24 16:15:00,SPX,2024-02-16,4270.000,P,0.7722,0.7738,0.7707,0.7722,87,100,0.7222,30,0.8222,4868.3700,4869.5000,0.0000,4868.9350,0.2263,-0.0083,0.0001,-0.1415,0.2755,-0.0258,4754
^SPX,2024-01-24 16:00:00,SPX,2024-02-16,4280.000,C,603.8880,605.0958,602.6803,603.8880,132,100,599.3589,740,608.4172,4868.3700,4869.5000,0.0000,4868.9350,0.2244,0.9912,0.0001,-0.7489,0.2902,2.6607,570
^SPX,2024-01-24 16:00:00,SPX,2024-02-16,4280.000,P,0.8172,0.8189,0.8156,0.8172,110,100,0.7672,670,0.8672,4868.3700,4869.5000,0.0000,4868.9350,0.2244,-0.0088,0.0001,-0.1478,0.2902,-0.0274,585
^SPX,2024-01-24 16:15:00,SPX,2024-02-16,4290.000,C,593.9695,595.1575,592.7816,593.9695,112,250,589.5148,100,598.4243,4868.3700,4869.5000,0.0000,4868.9350,0.2225,0.9907,0.0001,-0.7563,0.3058,2.6653,1134
^SPX,2024-01-24 16:00:00,SPX,2024-02-16,4290.000,P,0.8657,0.8675,0.8640,0.8657,107,15,0.8157,670,0.9157,4868.3700,4869.5000,0.0000,4868.9350,0.2225,-0.0093,0.0001,-0.1546,0.3058,-0.0291,844
^SPX,2024-01-24 16:15:00,SPX,2024-02-16,4300.000,C,584.0548,585.2229,582.8867,584.0548,83,500,579.6744,100,588.4352,4868.3700,4869.5000,0.0000,4868.9350,0.2207,0.9901,0.0001,-0.7641,0.3224,2.6697,2944
^SPX,2024-01-24 16:00:00,SPX,2024-02-16,4300.000,P,0.9179,0.9198,0.9161,0.9179,17,0,0.8679,15,0.9679,4868.3700,4869.5000,0.0000,4868.9350,0.2207,-0.0099,0.0001,-0.1617,0.3224,-0.0309,3497
^SPX,2024-01-24 16:15:00,SPX,2024-02-16,4310.000,C,574.1441,575.2924,572.9958,574.1441,18,500,569.8380,30,578.4502,4868.3700,4869.5000,0.0000,4868.9350,0.2188,0.9895,0.0001,-0.7722,0.3402,2.6741,3147
^SPX,2024-01-24 16:00:00,SPX,2024-02-16,4310.000,P,0.9742,0.9762,0.9723,0.9742,55,0,0.9242,30,1.0242,4868.3700,4869.5000,0.0000,4868.9350,0.2188,-0.0105,0.0001,-0.1693,0.3402,-0.0329,1105
^SPX,2024-01-24 16:15:00,SPX,2024-02-16,4320.000,C,564.2378,565.3663,563.1093,564.2378,106,250,560.0060,100,568.4696,4868.3700,4869.5000,0.0000,4868.9350,0.2170,0.9888,0.0001,-0.7807,0.3590,2.6782,2754
^SPX,2024-01-24 16:00:00,SPX,2024-02-16,4320.000,P,1.0349,1.0370,1.0328,1.0349,122,250,0.9849,30,1.0849,4868.3700,4869.5000,0.0000,4868.9350,0.2170,-0.0112,0.0001,-0.1773,0.3590,-0.0350,3465
^SPX,2024-01-24 16:00:00,SPX,2024-02-16,4330.000,C,554.3363,555.4450,553.2276,554.3363,52,0,550.1788,100,558.4938,4868.3700,4869.5000,0.0000,4868.9350,0.2152,0.9881,0.0001,-0.7896,0.3792,2.6823,3639
^SPX,2024-01-24 16:15:00,SPX,2024-02-16,4330.000,P,1.1004,1.1026,1.0982,1.1004,68,100,1.0504,670,1.1504,4868.3700,4869.5000,0.0000,4868.9350,0.2152,-0.0119,0.0001,-0.1859,0.3792,-0.0372,3799
^SPX,2024-01-24 16:15:00,SPX,2024-02-16,4340.000,C,544.4400,545.5289,543.3511,544.4400,70,15,540.3567,250,548.5233,4868.3700,4869.5000,0.0000,4868.9350,0.2134,0.9873,0.0001,-0.7990,0.4006,2.6861,2877
^SPX,2024-01-24 16:15:00,SPX,2024-02-16,4340.000,P,1.1710,1.1734,1.1687,1.1710,77,250,1.1210,15,1.2210,4868.3700,4869.5000,0.0000,4868.9350,0.2134,-0.0127,0.0001,-0.1949,0.4006,-0.0397,4823
^SPX,2024-01-24 16:00:00,SPX,2024-02-16,4350.000,C,534.5493,535.6184,533.4802,534.5493,23,100,530.5402,740,538.5584,4868.3700,4869.5000,0.0000,4868.9350,0.2116,0.9865,0.0001,-0.8088,0.4235,2.6897,3212
^SPX,2024-01-24 16:00:00,SPX,2024-02-16,4350.000,P,1.2473,1.2498,1.2448,1.2473,29,31,1.1973,250,1.2973,4868.3700,4869.5000,0.0000,4868.9350,0.2116,-0.0135,0.0001,-0.2045,0.4235,-0.0423,3324
^SPX,2024-01-24 16:15:00,SPX,2024-02-16,4360.000,C,524.6648,525.7141,523.6155,524.6648,123,0,520.7298,30,528.5998,4868.3700,4869.5000,0.0000,4868.9350,0.2098,0.9856,0.0001,-0.8191,0.4479,2.6932,3616
^SPX,2024-01-24 16:00:00,SPX,2024-02-16,4360.000,P,1.3298,1.3324,1.3271,1.3298,118,0,1.2798,15,1.3798,4868.3700,4869.5000,0.0000,4868.9350,0.2098,-0.0144,0.0001,-0.2146,0.4479,-0.0451,1660
^SPX,2024-01-24 16:00:00,SPX,2024-02-16,4370.000,C,514.7869,515.8165,513.7574,514.7869,80,100,510.9260,30,518.6478,4868.3700,4869.5000,0.0000,4868.9350,0.2081,0.9846,0.0002,-0.8298,0.4739,2.6964,1696
^SPX,2024-01-24 16:15:00,SPX,2024-02-16,4370.000,P,1.4189,1.4217,1.4161,1.4189,144,250,1.3689,250,1.4689,4868.3700,4869.5000,0.0000,4868.9350,0.2081,-0.0154,0.0002,-0.2254,0.4739,-0.0482,1750
^SPX,2024-01-24 16:15:00,SPX,2024-02-16,4380.000,C,504.9164,505.9262,503.9065,504.9164,120,500,501.1295,670,508.7032,4868.3700,4869.5000,0.0000,4868.9350,0.2064,0.9835,0.0002,-0.8412,0.5016,2.6994,2962
^SPX,2024-01-24 16:15:00,SPX,2024-02-16,4380.000,P,1.5153,1.5183,1.5123,1.5153,91,31,1.4653,740,1.5653,4868.3700,4869.5000,0.0000,4868.9350,0.2064,-0.0165,0.0002,-0.2368,0.5016,-0.0515,3542
^SPX,2024-01-24 16:15:00,SPX,2024-02-16,4390.000,C,495.0537,496.0438,494.0636,495.0537,80,100,491.3408,15,498.7666,4868.3700,4869.5000,0.0000,4868.9350,0.2046,0.9824,0.0002,-0.8530,0.5311,2.7021,4904
^SPX,2024-01-24 16:00:00,SPX,2024-02-16,4390.000,P,1.6196,1.6228,1.6163,1.6196,5,0,1.5696,250,1.6696,4868.3700,4869.5000,0.0000,4868.9350,0.2046,-0.0176,0.0002,-0.2488,0.5311,-0.0551,1202
^SPX,2024-01-24 16:15:00,SPX,2024-02-16,4400.000,C,485.1996,486.1700,484.2292,485.1996,126,500,481.5606,670,488.8386,4868.3700,4869.5000,0.0000,4868.9350,0.2029,0.9812,0.0002,-0.8655,0.5625,2.7045,4788
^SPX,2024-01-24 16:15:00,SPX,2024-02-16,4400.000,P,1.7325,1.7359,1.7290,1.7325,85,0,1.6825,740,1.7825,4868.3700,4869.5000,0.0000,4868.9350,0.2029,-0.0188,0.0002,-0.2616,0.5625,-0.0589,2345
^SPX,2024-01-24 16:15:00,SPX,2024-02-16,4410.000,C,475.3549,476.3056,474.4041,475.3549,103,100,471.7897,100,478.9200,4868.3700,4869.5000,0.0000,4868.9350,0.2013,0.9798,0.0002,-0.8786,0.5960,2.7067,3679
^SPX,2024-01-24 16:00:00,SPX,2024-02-16,4410.000,P,1.8547,1.8584,1.8510,1.8547,94,250,1.8047,740,1.9047,4868.3700,4869.5000,0.0000,4868.9350,0.2013,-0.0202,0.0002,-0.2751,0.5960,-0.0630,2150
^SPX,2024-01-24 16:00:00,SPX,2024-02-16,4420.000,C,465.5203,466.4513,464.5893,465.5203,121,100,462.0289,100,469.0117,4868.3700,4869.5000,0.0000,4868.9350,0.1996,0.9784,0.0002,-0.8923,0.6316,2.7085,3203
^SPX,2024-01-24 16:15:00,SPX,2024-02-16,4420.000,P,1.9871,1.9911,1.9832,1.9871,126,0,1.9371,30,2.0371,4868.3700,4869.5000,0.0000,4868.9350,0.1996,-0.0216,0.0002,-0.2895,0.6316,-0.0675,497
^SPX,2024-01-24 16:15:00,SPX,2024-02-16,4430.000,C,455.6968,456.6082,454.7854,455.6968,55,0,452.2791,740,459.1146,4868.3700,4869.5000,0.0000,4868.9350,0.1979,0.9769,0.0002,-0.9067,0.6696,2.7099,248
^SPX,2024-01-24 16:15:00,SPX,2024-02-16,4430.000,P,2.1306,2.1349,2.1264,2.1306,141,100,2.0806,30,2.1806,4868.3700,4869.5000,0.0000,4868.9350,0.1979,-0.0231,0.0002,-0.3046,0.6696,-0.0724,4068
^SPX,2024-01-24 16:00:00,SPX,2024-02-16,4440.000,C,445.8854,446.7772,444.9937,445.8854,127,500,442.5413,670,449.2296,4868.3700,4869.5000,0.0000,4868.9350,0.1963,0.9752,0.0002,-0.9218,0.7099,2.7110,4777
^SPX,2024-01-24 16:00:00,SPX,2024-02-16,4440.000,P,2.2862,2.2908,2.2816,2.2862,73,500,2.2362,30,2.3362,4868.3700,4869.5000,0.0000,4868.9350,0.1963,-0.0248,0.0002,-0.3207,0.7099,-0.0776,4334
^SPX,2024-01-24 16:15:00,SPX,2024-02-16,4450.000,C,436.0872,436.9593,435.2150,436.0872,25,500,432.8165,30,439.3578,4868.3700,4869.5000,0.0000,4868.9350,0.1947,0.9734,0.0003,-0.9376,0.7528,2.7116,3618
^SPX,2024-01-24 16:15:00,SPX,2024-02-16,4450.000,P,2.4549,2.4598,2.4500,2.4549,64,250,2.4049,670,2.5049,4868.3700,4869.5000,0.0000,4868.9350,0.1947,-0.0266,0.0003,-0.3376,0.7528,-0.0832,3485
^SPX,2024-01-24 16:15:00,SPX,2024-02-16,4460.000,C,426.3032,427.1558,425.4506,426.3032,84,31,423.1059,740,429.5004,4868.3700,4869.5000,0.0000,4868.9350,0.1931,0.9714,0.0003,-0.9542,0.7985,2.7118,2223
^SPX,2024-01-24 16:00:00,SPX,2024-02-16,4460.000,P,2.6379,2.6432,2.6326,2.6379,132,0,2.5879,100,2.6879,4868.3700,4869.5000,0.0000,4868.9350,0.1931,-0.0286,0.0003,-0.3556,0.7985,-0.0893,2506
^SPX,2024-01-24 16:00:00,SPX,2024-02-16,4470.000,C,416.5348,417.3678,415.7017,416.5348,93,500,413.4107,250,419.6588,4868.3700,4869.5000,0.0000,4868.9350,0.1915,0.9693,0.0003,-0.9715,0.8469,2.7115,1046
^SPX,2024-01-24 16:00:00,SPX,2024-02-16,4470.000,P,2.8365,2.8421,2.8308,2.8365,43,250,2.7865,740,2.8865,4868.3700,4869.5000,0.0000,4868.9350,0.1915,-0.0307,0.0003,-0.3745,0.8469,-0.0959,3385
^SPX,2024-01-24 16:00:00,SPX,2024-02-16,4480.000,C,406.7833,407.5968,405.9697,406.7833,77,500,403.7324,100,409.8342,4868.3700,4869.5000,0.0000,4868.9350,0.1899,0.9671,0.0003,-0.9897,0.8984,2.7107,2182
^SPX,2024-01-24 16:00:00,SPX,2024-02-16,4480.000,P,3.0519,3.0581,3.0458,3.0519,117,15,3.0019,30,3.1019,4868.3700,4869.5000,0.0000,4868.9350,0.1899,-0.0329,0.0003,-0.3945,0.8984,-0.1030,1470
^SPX,2024-01-24 16:00:00,SPX,2024-02-16,4490.000,C,397.0502,397.8443,396.2561,397.0502,24,31,394.0724,670,400.0281,4868.3700,4869.5000,0.0000,4868.9350,0.1884,0.9646,0.0003,-1.0087,0.9530,2.7093,3296
^SPX,2024-01-24 16:00:00,SPX,2024-02-16,4490.000,P,3.2859,3.2924,3.2793,3.2859,111,100,3.2359,250,3.3359,4868.3700,4869.5000,0.0000,4868.9350,0.1884,-0.0354,0.0003,-0.4156,0.9530,-0.1106,871
^SPX,2024-01-24 16:15:00,SPX,2024-02-16,4500.000,C,387.3373,388.1119,386.5626,387.3373,142,100,384.4322,15,390.2423,4868.3700,4869.5000,0.0000,4868.9350,0.1868,0.9620,0.0004,-1.0286,1.0109,2.7073,2722
^SPX,2024-01-24 16:00:00,SPX,2024-02-16,4500.000,P,3.5399,3.5469,3.5328,3.5399,89,31,3.4899,30,3.5899,4868.3700,4869.5000,0.0000,4868.9350,0.1868,-0.0380,0.0004,-0.4378,1.0109,-0.1189,2863
^SPX,2024-01-24 16:15:00,SPX,2024-02-16,4510.000,C,377.6461,378.4014,376.8908,377.6461,27,500,374.8137,15,380.4784,4868.3700,4869.5000,0.0000,4868.9350,0.1853,0.9591,0.0004,-1.0494,1.0722,2.7047,4100
^SPX,2024-01-24 16:15:00,SPX,2024-02-16,4510.000,P,3.8157,3.8233,3.8080,3.8157,60,15,3.7657,15,3.8657,4868.3700,4869.5000,0.0000,4868.9350,0.1853,-0.0409,0.0004,-0.4612,1.0722,-0.1279,3605
^SPX,2024-01-24 16:00:00,SPX,2024-02-16,4520.000,C,367.9786,368.7146,367.2427,367.9786,106,0,365.2188,670,370.7385,4868.3700,4869.5000,0.0000,4868.9350,0.1838,0.9560,0.0004,-1.0710,1.1371,2.7013,1363
^SPX,2024-01-24 16:00:00,SPX,2024-02-16,4520.000,P,4.1152,4.1234,4.1070,4.1152,20,100,4.0652,740,4.1652,4868.3700,4869.5000,0.0000,4868.9350,0.1838,-0.0440,0.0004,-0.4858,1.1371,-0.1375,640
^SPX,2024-01-24 16:15:00,SPX,2024-02-16,4530.000,C,358.3370,359.0537,357.6203,358.3370,148,500,355.6495,100,361.0245,4868.3700,4869.5000,0.0000,4868.9350,0.1823,0.9527,0.0004,-1.0936,1.2057,2.6972,3423
^SPX,2024-01-24 16:00:00,SPX,2024-02-16,4530.000,P,4.4405,4.4494,4.4316,4.4405,93,250,4.3905,740,4.4905,4868.3700,4869.5000,0.0000,4868.9350,0.1823,-0.0473,0.0004,-0.5117,1.2057,-0.1479,4184
^SPX,2024-01-24 16:00:00,SPX,2024-02-16,4540.000,C,348.7234,349.4208,348.0260,348.7234,136,31,346.1080,30,351.3388,4868.3700,4869.5000,0.0000,4868.9350,0.1808,0.9491,0.0005,-1.1170,1.2782,2.6923,2657
^SPX,2024-01-24 16:15:00,SPX,2024-02-16,4540.000,P,4.7939,4.8035,4.7843,4.7939,3,250,4.7439,30,4.8439,4868.3700,4869.5000,0.0000,4868.9350,0.1808,-0.0509,0.0005,-0.5388,1.2782,-0.1591,988
^SPX,2024-01-24 16:15:00,SPX,2024-02-16,4550.000,C,339.1403,339.8185,338.4620,339.1403,124,0,336.5967,670,341.6838,4868.3700,4869.5000,0.0000,4868.9350,0.1794,0.9453,0.0005,-1.1414,1.3546,2.6864,4643
^SPX,2024-01-24 16:00:00,SPX,2024-02-16,4550.000,P,5.1777,5.1881,5.1674,5.1777,54,0,5.1277,740,5.2277,4868.3700,4869.5000,0.0000,4868.9350,0.1794,-0.0547,0.0005,-0.5673,1.3546,-0.1712,2757
^SPX,2024-01-24 16:00:00,SPX,2024-02-16,4560.000,C,329.5902,330.2494,328.9310,329.5902,54,31,327.1183,670,332.0621,4868.3700,4869.5000,0.0000,4868.9350,0.1779,0.9411,0.0005,-1.1668,1.4351,2.6797,2665
^SPX,2024-01-24 16:00:00,SPX,2024-02-16,4560.000,P,5.5946,5.6058,5.5834,5.5946,25,250,5.5446,15,5.6446,4868.3700,4869.5000,0.0000,4868.9350,0.1779,-0.0589,0.0005,-0.5972,1.4351,-0.1843,2882
^SPX,2024-01-24 16:00:00,SPX,2024-02-16,4570.000,C,320.0760,320.7162,319.4359,320.0760,68,31,317.6754,250,322.4766,4868.3700,4869.5000,0.0000,4868.9350,0.1765,0.9366,0.0006,-1.1930,1.5198,2.6719,172
^SPX,2024-01-24 16:15:00,SPX,2024-02-16,4570.000,P,6.0474,6.0595,6.0353,6.0474,12,15,5.9974,740,6.0974,4868.3700,4869.5000,0.0000,4868.9350,0.1765,-0.0634,0.0006,-0.6284,1.5198,-0.1983,4768
^SPX,2024-01-24 16:15:00,SPX,2024-02-16,4580.000,C,310.6008,311.2220,309.9796,310.6008,53,0,308.2713,30,312.9303,4868.3700,4869.5000,0.0000,4868.9350,0.1751,0.9318,0.0006,-1.2202,1.6087,2.6631,4244
^SPX,2024-01-24 16:00:00,SPX,2024-02-16,4580.000,P,6.5392,6.5522,6.5261,6.5392,52,250,6.4892,30,6.5892,4868.3700,4869.5000,0.0000,4868.9350,0.1751,-0.0682,0.0006,-0.6610,1.6087,-0.2134,3352
^SPX,2024-01-24 16:15:00,SPX,2024-02-16,4590.000,C,301.1677,301.7701,300.5654,301.1677,127,0,298.9090,30,303.4265,4868.3700,4869.5000,0.0000,4868.9350,0.1737,0.9266,0.0007,-1.2482,1.7020,2.6531,3745
^SPX,2024-01-24 16:15:00,SPX,2024-02-16,4590.000,P,7.0731,7.0872,7.0589,7.0731,88,250,7.0200,740,7.1261,4868.3700,4869.5000,0.0000,4868.9350,0.1737,-0.0734,0.0007,-0.6950,1.7020,-0.2297,1097
^SPX,2024-01-24 16:00:00,SPX,2024-02-16,4600.000,C,291.7804,292.3639,291.1968,291.7804,129,31,289.5920,100,293.9687,4868.3700,4869.5000,0.0000,4868.9350,0.1723,0.9210,0.0007,-1.2770,1.7996,2.6419,3641
^SPX,2024-01-24 16:15:00,SPX,2024-02-16,4600.000,P,7.6527,7.6680,7.6374,7.6527,50,15,7.5953,100,7.7101,4868.3700,4869.5000,0.0000,4868.9350,0.1723,-0.0790,0.0007,-0.7304,1.7996,-0.2472,1076
^SPX,2024-01-24 16:15:00,SPX,2024-02-16,4610.000,C,282.4425,283.0074,281.8776,282.4425,149,15,280.3242,30,284.5608,4868.3700,4869.5000,0.0000,4868.9350,0.1709,0.9150,0.0007,-1.3067,1.9016,2.6294,4427
^SPX,2024-01-24 16:15:00,SPX,2024-02-16,4610.000,P,8.2818,8.2984,8.2653,8.2818,52,250,8.2197,15,8.3439,4868.3700,4869.5000,0.0000,4868.9350,0.1709,-0.0850,0.0007,-0.7672,1.9016,-0.2659,4414
^SPX,2024-01-24 16:00:00,SPX,2024-02-16,4620.000,C,273.1581,273.7045,272.6118,273.1581,72,31,271.1094,740,275.2068,4868.3700,4869.5000,0.0000,4868.9350,0.1695,0.9086,0.0008,-1.3371,2.0079,2.6155,326
^SPX,2024-01-24 16:15:00,SPX,2024-02-16,4620.000,P,8.9644,8.9823,8.9465,8.9644,30,0,8.8972,15,9.0316,4868.3700,4869.5000,0.0000,4868.9350,0.1695,-0.0914,0.0008,-0.8054,2.0079,-0.2861,931
^SPX,2024-01-24 16:15:00,SPX,2024-02-16,4630.000,C,263.9316,264.4594,263.4037,263.9316,130,250,261.9521,740,265.9110,4868.3700,4869.5000,0.0000,4868.9350,0.1682,0.9017,0.0008,-1.3681,2.1185,2.6002,2953
^SPX,2024-01-24 16:15:00,SPX,2024-02-16,4630.000,P,9.7048,9.7242,9.6854,9.7048,20,500,9.6320,30,9.7776,4868.3700,4869.5000,0.0000,4868.9350,0.1682,-0.0983,0.0008,-0.8449,2.1185,-0.3077,3904
^SPX,2024-01-24 16:00:00,SPX,2024-02-16,4640.000,C,254.7673,255.2769,254.2578,254.7673,62,0,252.8566,15,256.6781,4868.3700,4869.5000,0.0000,4868.9350,0.1669,0.8943,0.0009,-1.3997,2.2332,2.5832,1426
^SPX,2024-01-24 16:00:00,SPX,2024-02-16,4640.000,P,10.5076,10.5286,10.4866,10.5076,110,31,10.4288,100,10.5864,4868.3700,4869.5000,0.0000,4868.9350,0.1669,-0.1057,0.0009,-0.8856,2.2332,-0.3309,2348
^SPX,2024-01-24 16:00:00,SPX,2024-02-16,4650.000,C,245.6704,246.1617,245.1791,245.6704,20,500,243.8279,100,247.5129,4868.3700,4869.5000,0.0000,4868.9350,0.1655,0.8864,0.0010,-1.4319,2.3520,2.5647,4670
^SPX,2024-01-24 16:15:00,SPX,2024-02-16,4650.000,P,11.3776,11.4004,11.3548,11.3776,77,0,11.2923,250,11.4629,4868.3700,4869.5000,0.0000,4868.9350,0.1655,-0.1136,0.0010,-0.9276,2.3520,-0.3558,3617
^SPX,2024-01-24 16:15:00,SPX,2024-02-16,4660.000,C,236.6459,237.1192,236.1726,236.6459,148,100,234.8710,100,238.4207,4868.3700,4869.5000,0.0000,4868.9350,0.1642,0.8779,0.0010,-1.4643,2.4746,2.5444,1009
^SPX,2024-01-24 16:15:00,SPX,2024-02-16,4660.000,P,12.3201,12.3447,12.2954,12.3201,43,250,12.2277,670,12.4125,4868.3700,4869.5000,0.0000,4868.9350,0.1642,-0.1221,0.0010,-0.9708,2.4746,-0.3823,4052
^SPX,2024-01-24 16:00:00,SPX,2024-02-16,4670.000,C,227.6993,228.1547,227.2439,227.6993,102,100,225.9916,15,229.4070,4868.3700,4869.5000,0.0000,4868.9350,0.1629,0.8689,0.0011,-1.4970,2.6007,2.5224,922
^SPX,2024-01-24 16:15:00,SPX,2024-02-16,4670.000,P,13.3404,13.3671,13.3138,13.3404,43,31,13.2404,100,13.4405,4868.3700,4869.5000,0.0000,4868.9350,0.1629,-0.1311,0.0011,-1.0150,2.6007,-0.4106,3128
^SPX,2024-01-24 16:15:00,SPX,2024-02-16,4680.000,C,218.8364,219.2741,218.3987,218.8364,14,250,217.1951,15,220.4777,4868.3700,4869.5000,0.0000,4868.9350,0.1617,0.8593,0.0011,-1.5298,2.7301,2.4984,4902
^SPX,2024-01-24 16:00:00,SPX,2024-02-16,4680.000,P,14.4445,14.4734,14.4156,14.4445,95,31,14.3362,100,14.5529,4868.3700,4869.5000,0.0000,4868.9350,0.1617,-0.1407,0.0011,-1.0601,2.7301,-0.4409,2081
^SPX,2024-01-24 16:00:00,SPX,2024-02-16,4690.000,C,210.0633,210.4834,209.6432,210.0633,65,0,208.4878,670,211.6388,4868.3700,4869.5000,0.0000,4868.9350,0.1604,0.8490,0.0012,-1.5624,2.8623,2.4725,311
^SPX,2024-01-24 16:00:00,SPX,2024-02-16,4690.000,P,15.6384,15.6697,15.6071,15.6384,57,250,15.5211,670,15.7557,4868.3700,4869.5000,0.0000,4868.9350,0.1604,-0.1510,0.0012,-1.1061,2.8623,-0.4731,4659
^SPX,2024-01-24 16:15:00,SPX,2024-02-16,4700.000,C,201.3864,201.7892,200.9836,201.3864,16,31,199.8760,100,202.8968,4868.3700,4869.5000,0.0000,4868.9350,0.1592,0.8381,0.0013,-1.5948,2.9968,2.4445,2678
^SPX,2024-01-24 16:15:00,SPX,2024-02-16,4700.000,P,16.9285,16.9623,16.8946,16.9285,13,250,16.8015,250,17.0554,4868.3700,4869.5000,0.0000,4868.9350,0.1592,-0.1619,0.0013,-1.1527,2.9968,-0.5074,4437
^SPX,2024-01-24 16:00:00,SPX,2024-02-16,4710.000,C,192.8124,193.1980,192.4268,192.8124,3,31,191.3663,740,194.2585,4868.3700,4869.5000,0.0000,4868.9350,0.1579,0.8265,0.0013,-1.6267,3.1333,2.4143,1391
^SPX,2024-01-24 16:00:00,SPX,2024-02-16,4710.000,P,18.3214,18.3581,18.2848,18.3214,105,0,18.1840,15,18.4588,4868.3700,4869.5000,0.0000,4868.9350,0.1579,-0.1735,0.0013,-1.1998,3.1333,-0.5438,4130
^SPX,2024-01-24 16:15:00,SPX,2024-02-16,4720.000,C,184.3482,184.7169,183.9795,184.3482,34,31,182.9656,740,185.7308,4868.3700,4869.5000,0.0000,4868.9350,0.1567,0.8142,0.0014,-1.6579,3.2709,2.3820,3568
^SPX,2024-01-24 16:00:00,SPX,2024-02-16,4720.000,P,19.8242,19.8639,19.7846,19.8242,123,500,19.6756,30,19.9729,4868.3700,4869.5000,0.0000,4868.9350,0.1567,-0.1858,0.0014,-1.2471,3.2709,-0.5825,123
^SPX,2024-01-24 16:15:00,SPX,2024-02-16,4730.000,C,176.0012,176.3532,175.6492,176.0012,64,31,174.6812,670,177.3212,4868.3700,4869.5000,0.0000,4868.9350,0.1555,0.8012,0.0015,-1.6881,3.4091,2.3473,4015
^SPX,2024-01-24 16:15:00,SPX,2024-02-16,4730.000,P,21.4442,21.4871,21.4013,21.4442,118,500,21.2833,15,21.6050,4868.3700,4869.5000,0.0000,4868.9350,0.1555,-0.1988,0.0015,-1.2946,3.4091,-0.6234,4428
^SPX,2024-01-24 16:15:00,SPX,2024-02-16,4740.000,C,167.7788,168.1143,167.4432,167.7788,13,250,166.5204,250,169.0371,4868.3700,4869.5000,0.0000,4868.9350,0.1543,0.7875,0.0015,-1.7170,3.5470,2.3104,4419
^SPX,2024-01-24 16:00:00,SPX,2024-02-16,4740.000,P,23.1887,23.2351,23.1424,23.1887,42,31,23.0148,670,23.3626,4868.3700,4869.5000,0.0000,4868.9350,0.1543,-0.2125,0.0015,-1.3418,3.5470,-0.6666,521
^SPX,2024-01-24 16:15:00,SPX,2024-02-16,4750.000,C,159.6887,160.0081,159.3693,159.6887,36,31,158.4911,250,160.8864,4868.3700,4869.5000,0.0000,4868.9350,0.1531,0.7730,0.0016,-1.7445,3.6839,2.2710,1937
^SPX,2024-01-24 16:15:00,SPX,2024-02-16,4750.000,P,25.0656,25.1158,25.0155,25.0656,149,31,24.8777,100,25.2536,4868.3700,4869.5000,0.0000,4868.9350,0.1531,-0.2270,0.0016,-1.3887,3.6839,-0.7122,2309
^SPX,2024-01-24 16:15:00,SPX,2024-02-16,4760.000,C,151.7389,152.0424,151.4355,151.7389,68,15,150.6009,670,152.8770,4868.3700,4869.5000,0.0000,4868.9350,0.1519,0.7578,0.0017,-1.7701,3.8188,2.2293,1463
^SPX,2024-01-24 16:00:00,SPX,2024-02-16,4760.000,P,27.0828,27.1370,27.0287,27.0828,40,500,26.8797,740,27.2860,4868.3700,4869.5000,0.0000,4868.9350,0.1519,-0.2422,0.0017,-1.4348,3.8188,-0.7603,1806
^SPX,2024-01-24 16:15:00,SPX,2024-02-16,4770.000,C,143.9375,144.2254,143.6496,143.9375,43,250,142.8580,15,145.0170,4868.3700,4869.5000,0.0000,4868.9350,0.1508,0.7418,0.0018,-1.7936,3.9507,2.1851,860
^SPX,2024-01-24 16:15:00,SPX,2024-02-16,4770.000,P,29.2484,29.3069,29.1899,29.2484,11,500,29.0290,15,29.4677,4868.3700,4869.5000,0.0000,4868.9350,0.1508,-0.2582,0.0018,-1.4799,3.9507,-0.8108,2701
^SPX,2024-01-24 16:00:00,SPX,2024-02-16,4780.000,C,136.2927,136.5652,136.0201,136.2927,34,31,135.2705,740,137.3148,4868.3700,4869.5000,0.0000,4868.9350,0.1496,0.7250,0.0018,-1.8147,4.0784,2.1384,1996
^SPX,2024-01-24 16:00:00,SPX,2024-02-16,4780.000,P,31.5705,31.6336,31.5074,31.5705,90,31,31.3337,250,31.8073,4868.3700,4869.5000,0.0000,4868.9350,0.1496,-0.2750,0.0018,-1.5238,4.0784,-0.8637,2402
^SPX,2024-01-24 16:00:00,SPX,2024-02-16,4790.000,C,128.8126,129.0703,128.5550,128.8126,9,15,127.8465,250,129.7787,4868.3700,4869.5000,0.0000,4868.9350,0.1485,0.7074,0.0019,-1.8330,4.2010,2.0893,3582
^SPX,2024-01-24 16:15:00,SPX,2024-02-16,4790.000,P,34.0575,34.1256,33.9893,34.0575,84,31,33.8020,30,34.3129,4868.3700,4869.5000,0.0000,4868.9350,0.1485,-0.2926,0.0019,-1.5659,4.2010,-0.9191,3862
^SPX,2024-01-24 16:00:00,SPX,2024-02-16,4800.000,C,121.5058,121.7488,121.2628,121.5058,149,100,120.5945,670,122.4171,4868.3700,4869.5000,0.0000,4868.9350,0.1474,0.6891,0.0020,-1.8483,4.3172,2.0377,722
^SPX,2024-01-24 16:00:00,SPX,2024-02-16,4800.000,P,36.7176,36.7910,36.6441,36.7176,16,15,36.4422,250,36.9929,4868.3700,4869.5000,0.0000,4868.9350,0.1474,-0.3109,0.0020,-1.6061,4.3172,-0.9769,3709
^SPX,2024-01-24 16:00:00,SPX,2024-02-16,4810.000,C,114.3803,114.6090,114.1515,114.3803,125,100,113.5224,670,115.2381,4868.3700,4869.5000,0.0000,4868.9350,0.1463,0.6701,0.0020,-1.8601,4.4258,1.9838,4292
^SPX,2024-01-24 16:15:00,SPX,2024-02-16,4810.000,P,39.5590,39.6381,39.4799,39.5590,129,0,39.2623,740,39.8557,4868.3700,4869.5000,0.0000,4868.9350,0.1463,-0.3299,0.0020,-1.6440,4.4258,-1.0371,3768
^SPX,2024-01-24 16:00:00,SPX,2024-02-16,4820.000,C,107.4443,107.6592,107.2294,107.4443,1,500,106.6385,15,108.2501,4868.3700,4869.5000,0.0000,4868.9350,0.1452,0.6503,0.0021,-1.8682,4.5256,1.9275,538
^SPX,2024-01-24 16:15:00,SPX,2024-02-16,4820.000,P,42.5900,42.6752,42.5048,42.5900,38,100,42.2706,15,42.9095,4868.3700,4869.5000,0.0000,4868.9350,0.1452,-0.3497,0.0021,-1.6793,4.5256,-1.0997,952
^SPX,2024-01-24 16:00:00,SPX,2024-02-16,4830.000,C,100.7058,100.9072,100.5044,100.7058,15,15,99.9505,30,101.4611,4868.3700,4869.5000,0.0000,4868.9350,0.1441,0.6299,0.0021,-1.8723,4.6153,1.8691,1175
^SPX,2024-01-24 16:15:00,SPX,2024-02-16,4830.000,P,45.8185,45.9101,45.7269,45.8185,19,500,45.4749,250,46.1621,4868.3700,4869.5000,0.0000,4868.9350,0.1441,-0.3701,0.0021,-1.7115,4.6153,-1.1645,2345
^SPX,2024-01-24 16:00:00,SPX,2024-02-16,4840.000,C,94.1724,94.3608,93.9841,94.1724,138,0,93.4662,100,94.8787,4868.3700,4869.5000,0.0000,4868.9350,0.1430,0.6088,0.0022,-1.8721,4.6936,1.8084,4458
^SPX,2024-01-24 16:00:00,SPX,2024-02-16,4840.000,P,49.2521,49.3506,49.1536,49.2521,144,250,48.8827,740,49.6215,4868.3700,4869.5000,0.0000,4868.9350,0.1430,-0.3912,0.0022,-1.7404,4.6936,-1.2314,104
^SPX,2024-01-24 16:00:00,SPX,2024-02-16,4850.000,C,87.8516,88.0273,87.6759,87.8516,145,250,87.1927,15,88.5105,4868.3700,4869.5000,0.0000,4868.9350,0.1420,0.5871,0.0022,-1.8674,4.7594,1.7458,3013
^SPX,2024-01-24 16:00:00,SPX,2024-02-16,4850.000,P,52.8983,53.0041,52.7925,52.8983,148,0,52.5015,100,53.2950,4868.3700,4869.5000,0.0000,4868.9350,0.1420,-0.4129,0.0022,-1.7657,4.7594,-1.3003,1536
^SPX,2024-01-24 16:00:00,SPX,2024-02-16,4860.000,C,81.7502,81.9137,81.5867,81.7502,140,15,81.1371,15,82.3634,4868.3700,4869.5000,0.0000,4868.9350,0.1409,0.5648,0.0023,-1.8578,4.8115,1.6813,2065
^SPX,2024-01-24 16:00:00,SPX,2024-02-16,4860.000,P,56.7639,56.8774,56.6503,56.7639,56,31,56.3381,740,57.1896,4868.3700,4869.5000,0.0000,4868.9350,0.1409,-0.4352,0.0023,-1.7870,4.8115,-1.3710,530
^SPX,2024-01-24 16:15:00,SPX,2024-02-16,4870.000,C,75.8747,76.0265,75.7230,75.8747,76,100,75.3057,30,76.4438,4868.3700,4869.5000,0.0000,4868.9350,0.1399,0.5420,0.0023,-1.8433,4.8489,1.6152,327
^SPX,2024-01-24 16:00:00,SPX,2024-02-16,4870.000,P,60.8553,60.9770,60.7336,60.8553,12,250,60.3989,100,61.3117,4868.3700,4869.5000,0.0000,4868.9350,0.1399,-0.4580,0.0023,-1.8041,4.8489,-1.4435,1327
^SPX,2024-01-24 16:15:00,SPX,2024-02-16,4880.000,C,70.2309,70.3714,70.0905,70.2309,113,31,69.7042,250,70.7577,4868.3700,4869.5000,0.0000,4868.9350,0.1389,0.5188,0.0023,-1.8236,4.8705,1.5476,4093
^SPX,2024-01-24 16:15:00,SPX,2024-02-16,4880.000,P,65.1785,65.3088,65.0481,65.1785,131,31,64.6896,740,65.6673,4868.3700,4869.5000,0.0000,4868.9350,0.1389,-0.4812,0.0023,-1.8167,4.8705,-1.5174,4221
^SPX,2024-01-24 16:00:00,SPX,2024-02-16,4890.000,C,64.8239,64.9536,64.6943,64.8239,39,31,64.3378,670,65.3101,4868.3700,4869.5000,0.0000,4868.9350,0.1379,0.4953,0.0024,-1.7988,4.8756,1.4787,2739
^SPX,2024-01-24 16:15:00,SPX,2024-02-16,4890.000,P,69.7385,69.8780,69.5990,69.7385,45,31,69.2154,15,70.2615,4868.3700,4869.5000,0.0000,4868.9350,0.1379,-0.5047,0.0024,-1.8248,4.8756,-1.5925,4733
^SPX,2024-01-24 16:00:00,SPX,2024-02-16,4900.000,C,59.6582,59.7775,59.5389,59.6582,57,31,59.2107,250,60.1056,4868.3700,4869.5000,0.0000,4868.9350,0.1369,0.4714,0.0024,-1.7687,4.8635,1.4088,1018
^SPX,2024-01-24 16:00:00,SPX,2024-02-16,4900.000,P,74.5397,74.6888,74.3906,74.5397,121,100,73.9806,670,75.0987,4868.3700,4869.5000,0.0000,4868.9350,0.1369,-0.5286,0.0024,-1.8280,4.8635,-1.6686,3083
^SPX,2024-01-24 16:00:00,SPX,2024-02-16,4910.000,C,54.7372,54.8466,54.6277,54.7372,125,15,54.3266,250,55.1477,4868.3700,4869.5000,0.0000,4868.9350,0.1359,0.4474,0.0024,-1.7333,4.8336,1.3382,831
^SPX,2024-01-24 16:15:00,SPX,2024-02-16,4910.000,P,79.5856,79.7448,79.4265,79.5856,140,15,78.9887,100,80.1825,4868.3700,4869.5000,0.0000,4868.9350,0.1359,-0.5526,0.0024,-1.8263,4.8336,-1.7455,2949
^SPX,2024-01-24 16:15:00,SPX,2024-02-16,4920.000,C,50.0635,50.1636,49.9634,50.0635,61,100,49.6880,670,50.4390,4868.3700,4869.5000,0.0000,4868.9350,0.1349,0.4233,0.0024,-1.6928,4.7856,1.2672,494
^SPX,2024-01-24 16:00:00,SPX,2024-02-16,4920.000,P,84.8790,85.0487,84.7092,84.8790,13,15,84.2424,670,85.5156,4868.3700,4869.5000,0.0000,4868.9350,0.1349,-0.5767,0.0024,-1.8197,4.7856,-1.8228,1015
^SPX,2024-01-24 16:15:00,SPX,2024-02-16,4930.000,C,45.6389,45.7302,45.5476,45.6389,82,250,45.2966,15,45.9812,4868.3700,4869.5000,0.0000,4868.9350,0.1340,0.3992,0.0024,-1.6473,4.7194,1.1960,2198
^SPX,2024-01-24 16:15:00,SPX,2024-02-16,4930.000,P,90.4213,90.6022,90.2405,90.4213,55,31,89.7432,670,91.0995,4868.3700,4869.5000,0.0000,4868.9350,0.1340,-0.6008,0.0024,-1.8081,4.7194,-1.9003,3198
^SPX,2024-01-24 16:00:00,SPX,2024-02-16,4940.000,C,41.4639,41.5468,41.3810,41.4639,95,31,41.1529,15,41.7749,4868.3700,4869.5000,0.0000,4868.9350,0.1330,0.3752,0.0023,-1.5970,4.6353,1.1249,1227
^SPX,2024-01-24 16:15:00,SPX,2024-02-16,4940.000,P,96.2133,96.4057,96.0209,96.2133,94,0,95.4917,250,96.9349,4868.3700,4869.5000,0.0000,4868.9350,0.1330,-0.6248,0.0023,-1.7917,4.6353,-1.9777,2958
^SPX,2024-01-24 16:15:00,SPX,2024-02-16,4950.000,C,37.5381,37.6132,37.4630,37.5381,47,15,37.2565,15,37.8196,4868.3700,4869.5000,0.0000,4868.9350,0.1321,0.3513,0.0023,-1.5422,4.5334,1.0543,3124
^SPX,2024-01-24 16:15:00,SPX,2024-02-16,4950.000,P,102.2545,102.4590,102.0499,102.2545,76,15,101.4875,15,103.0214,4868.3700,4869.5000,0.0000,4868.9350,0.1321,-0.6487,0.0023,-1.7706,4.5334,-2.0546,1859
^SPX,2024-01-24 16:15:00,SPX,2024-02-16,4960.000,C,33.8599,33.9276,33.7921,33.8599,19,31,33.6059,740,34.1138,4868.3700,4869.5000,0.0000,4868.9350,0.1311,0.3278,0.0023,-1.4833,4.4145,0.9845,2376
^SPX,2024-01-24 16:15:00,SPX,2024-02-16,4960.000,P,108.5432,108.7603,108.3261,108.5432,139,250,107.7291,15,109.3573,4868.3700,4869.5000,0.0000,4868.9350,0.1311,-0.6722,0.0023,-1.7449,4.4145,-2.1307,3231
^SPX,2024-01-24 16:00:00,SPX,2024-02-16,4970.000,C,30.4265,30.4874,30.3657,30.4265,108,0,30.1983,15,30.6547,4868.3700,4869.5000,0.0000,4868.9350,0.1302,0.3047,0.0022,-1.4206,4.2794,0.9157,1398
^SPX,2024-01-24 16:00:00,SPX,2024-02-16,4970.000,P,115.0769,115.3070,114.8467,115.0769,36,15,114.2138,740,115.9399,4868.3700,4869.5000,0.0000,4868.9350,0.1302,-0.6953,0.0022,-1.7151,4.2794,-2.2057,4599
^SPX,2024-01-24 16:00:00,SPX,2024-02-16,4980.000,C,27.2343,27.2888,27.1799,27.2343,65,500,27.0301,100,27.4386,4868.3700,4869.5000,0.0000,4868.9350,0.1293,0.2821,0.0021,-1.3546,4.1292,0.8484,2719
^SPX,2024-01-24 16:15:00,SPX,2024-02-16,4980.000,P,121.8516,122.0953,121.6079,121.8516,74,31,120.9377,250,122.7655,4868.3700,4869.5000,0.0000,4868.9350,0.1293,-0.7179,0.0021,-1.6813,4.1292,-2.2793,4736
^SPX,2024-01-24 16:15:00,SPX,2024-02-16,4990.000,C,24.2784,24.3269,24.2298,24.2784,63,0,24.0963,30,24.4604,4868.3700,4869.5000,0.0000,4868.9350,0.1284,0.2601,0.0021,-1.2859,3.9653,0.7827,724
^SPX,2024-01-24 16:00:00,SPX,2024-02-16,4990.000,P,128.8626,129.1203,128.6049,128.8626,116,31,127.8962,250,129.8291,4868.3700,4869.5000,0.0000,4868.9350,0.1284,-0.7399,0.0021,-1.6439,3.9653,-2.3513,1519
^SPX,2024-01-24 16:15:00,SPX,2024-02-16,5000.000,C,21.5526,21.5957,21.5095,21.5526,62,250,21.3910,100,21.7143,4868.3700,4869.5000,0.0000,4868.9350,0.1276,0.2388,0.0020,-1.2149,3.7891,0.7191,2972
^SPX,2024-01-24 16:00:00,SPX,2024-02-16,5000.000,P,136.1039,136.3761,135.8317,136.1039,119,250,135.0831,100,137.1247,4868.3700,4869.5000,0.0000,4868.9350,0.1276,-0.7612,0.0020,-1.6035,3.7891,-2.4212,2953
^SPX,2024-01-24 16:15:00,SPX,2024-02-16,5010.000,C,19.0502,19.0883,19.0121,19.0502,110,0,18.9073,15,19.1931,4868.3700,4869.5000,0.0000,4868.9350,0.1267,0.2183,0.0019,-1.1423,3.6024,0.6576,2418
^SPX,2024-01-24 16:15:00,SPX,2024-02-16,5010.000,P,143.5684,143.8556,143.2813,143.5684,98,31,142.4917,15,144.6452,4868.3700,4869.5000,0.0000,4868.9350,0.1267,-0.7817,0.0019,-1.5603,3.6024,-2.4889,2520
^SPX,2024-01-24 16:00:00,SPX,2024-02-16,5020.000,C,16.7632,16.7967,16.7296,16.7632,109,31,16.6374,100,16.8889,4868.3700,4869.5000,0.0000,4868.9350,0.1258,0.1986,0.0018,-1.0687,3.4071,0.5987,3181
^SPX,2024-01-24 16:00:00,SPX,2024-02-16,5020.000,P,151.2483,151.5508,150.9458,151.2483,74,100,150.1140,670,152.3827,4868.3700,4869.5000,0.0000,4868.9350,0.1258,-0.8014,0.0018,-1.5151,3.4071,-2.5541,4448
^SPX,2024-01-24 16:15:00,SPX,2024-02-16,5030.000,C,14.6828,14.7121,14.6534,14.6828,15,15,14.5726,250,14.7929,4868.3700,4869.5000,0.0000,4868.9350,0.1250,0.1798,0.0017,-0.9947,3.2051,0.5424,1065
^SPX,2024-01-24 16:00:00,SPX,2024-02-16,5030.000,P,159.1349,159.4532,158.8166,159.1349,122,15,157.9414,670,160.3284,4868.3700,4869.5000,0.0000,4868.9350,0.1250,-0.8202,0.0017,-1.4682,3.2051,-2.6167,879
^SPX,2024-01-24 16:15:00,SPX,2024-02-16,5040.000,C,12.7995,12.8251,12.7739,12.7995,125,250,12.7035,100,12.8955,4868.3700,4869.5000,0.0000,4868.9350,0.1242,0.1620,0.0016,-0.9210,2.9984,0.4891,1943
^SPX,2024-01-24 16:15:00,SPX,2024-02-16,5040.000,P,167.2186,167.5530,166.8841,167.2186,36,100,165.9644,100,168.4727,4868.3700,4869.5000,0.0000,4868.9350,0.1242,-0.8380,0.0016,-1.4202,2.9984,-2.6763,2823
^SPX,2024-01-24 16:00:00,SPX,2024-02-16,5050.000,C,11.1031,11.1253,11.0809,11.1031,99,250,11.0199,670,11.1864,4868.3700,4869.5000,0.0000,4868.9350,0.1233,0.1453,0.0015,-0.8480,2.7892,0.4387,3247
^SPX,2024-01-24 16:00:00,SPX,2024-02-16,5050.000,P,175.4892,175.8402,175.1383,175.4892,47,31,174.1731,670,176.8054,4868.3700,4869.5000,0.0000,4868.9350,0.1233,-0.8547,0.0015,-1.3717,2.7892,-2.7330,4565
^SPX,2024-01-24 16:00:00,SPX,2024-02-16,5060.000,C,9.5831,9.6023,9.5639,9.5831,80,15,9.5112,740,9.6550,4868.3700,4869.5000,0.0000,4868.9350,0.1225,0.1296,0.0014,-0.7765,2.5795,0.3915,3784
^SPX,2024-01-24 16:15:00,SPX,2024-02-16,5060.000,P,183.9362,184.3040,183.5683,183.9362,107,0,182.5566,250,185.3157,4868.3700,4869.5000,0.0000,4868.9350,0.1225,-0.8704,0.0014,-1.3232,2.5795,-2.7865,1543
^SPX,2024-01-24 16:00:00,SPX,2024-02-16,5070.000,C,8.2283,8.2447,8.2118,8.2283,31,15,8.1665,740,8.2900,4868.3700,4869.5000,0.0000,4868.9350,0.1217,0.1149,0.0013,-0.7069,2.3714,0.3474,1612
^SPX,2024-01-24 16:00:00,SPX,2024-02-16,5070.000,P,192.5483,192.9334,192.1632,192.5483,137,15,191.1042,30,193.9924,4868.3700,4869.5000,0.0000,4868.9350,0.1217,-0.8851,0.0013,-1.2751,2.3714,-2.8368,263
^SPX,2024-01-24 16:00:00,SPX,2024-02-16,5080.000,C,7.0273,7.0414,7.0132,7.0273,56,31,6.9746,670,7.0800,4868.3700,4869.5000,0.0000,4868.9350,0.1209,0.1014,0.0012,-0.6397,2.1668,0.3067,912
^SPX,2024-01-24 16:00:00,SPX,2024-02-16,5080.000,P,201.3143,201.7169,200.9117,201.3143,10,15,199.8045,250,202.8242,4868.3700,4869.5000,0.0000,4868.9350,0.1209,-0.8986,0.0012,-1.2280,2.1668,-2.8839,364
^SPX,2024-01-24 16:00:00,SPX,2024-02-16,5090.000,C,5.9687,5.9807,5.9568,5.9687,96,31,5.9187,30,6.0187,4868.3700,4869.5000,0.0000,4868.9350,0.1202,0.0889,0.0011,-0.5754,1.9675,0.2691,922
^SPX,2024-01-24 16:00:00,SPX,2024-02-16,5090.000,P,210.2227,210.6432,209.8023,210.2227,149,0,208.6461,15,211.7994,4868.3700,4869.5000,0.0000,4868.9350,0.1202,-0.9111,0.0011,-1.1822,1.9675,-2.9277,966
^SPX,2024-01-24 16:15:00,SPX,2024-02-16,5100.000,C,5.0411,5.0512,5.0310,5.0411,79,15,4.9911,30,5.0911,4868.3700,4869.5000,0.0000,4868.9350,0.1194,0.0776,0.0010,-0.5143,1.7751,0.2348,1089
^SPX,2024-01-24 16:00:00,SPX,2024-02-16,5100.000,P,219.2621,219.7006,218.8235,219.2621,148,250,217.6176,30,220.9065,4868.3700,4869.5000,0.0000,4868.9350,0.1194,-0.9224,0.0010,-1.1383,1.7751,-2.9683,2633
^SPX,2024-01-24 16:00:00,SPX,2024-02-16,5110.000,C,4.2330,4.2415,4.2246,4.2330,41,500,4.1830,670,4.2830,4868.3700,4869.5000,0.0000,4868.9350,0.1186,0.0672,0.0009,-0.4568,1.5910,0.2036,113
^SPX,2024-01-24 16:00:00,SPX,2024-02-16,5110.000,P,228.4210,228.8778,227.9641,228.4210,98,15,226.7078,15,230.1341,4868.3700,4869.5000,0.0000,4868.9350,0.1186,-0.9328,0.0009,-1.0964,1.5910,-3.0057,223
^SPX,2024-01-24 16:15:00,SPX,2024-02-16,5120.000,C,3.5335,3.5405,3.5264,3.5335,145,500,3.4835,670,3.5835,4868.3700,4869.5000,0.0000,4868.9350,0.1179,0.0579,0.0008,-0.4031,1.4165,0.1755,2837
^SPX,2024-01-24 16:00:00,SPX,2024-02-16,5120.000,P,237.6884,238.1637,237.2130,237.6884,77,0,235.9057,740,239.4710,4868.3700,4869.5000,0.0000,4868.9350,0.1179,-0.9421,0.0008,-1.0570,1.4165,-3.0401,2491
^SPX,2024-01-24 16:15:00,SPX,2024-02-16,5130.000,C,2.9316,2.9375,2.9257,2.9316,147,0,2.8816,30,2.9816,4868.3700,4869.5000,0.0000,4868.9350,0.1172,0.0496,0.0007,-0.3533,1.2525,0.1503,4410
^SPX,2024-01-24 16:15:00,SPX,2024-02-16,5130.000,P,247.0535,247.5476,246.5594,247.0535,138,31,245.2006,30,248.9064,4868.3700,4869.5000,0.0000,4868.9350,0.1172,-0.9504,0.0007,-1.0201,1.2525,-3.0716,502
^SPX,2024-01-24 16:15:00,SPX,2024-02-16,5140.000,C,2.4171,2.4220,2.4123,2.4171,141,100,2.3671,670,2.4671,4868.3700,4869.5000,0.0000,4868.9350,0.1164,0.0422,0.0006,-0.3076,1.0997,0.1279,211
^SPX,2024-01-24 16:15:00,SPX,2024-02-16,5140.000,P,256.5060,257.0190,255.9930,256.5060,92,31,254.5822,250,258.4298,4868.3700,4869.5000,0.0000,4868.9350,0.1164,-0.9578,0.0006,-0.9860,1.0997,-3.1003,1717
^SPX,2024-01-24 16:15:00,SPX,2024-02-16,5150.000,C,1.9803,1.9842,1.9763,1.9803,55,500,1.9303,670,2.0303,4868.3700,4869.5000,0.0000,4868.9350,0.1157,0.0356,0.0006,-0.2659,0.9587,0.1081,4426
^SPX,2024-01-24 16:15:00,SPX,2024-02-16,5150.000,P,266.0361,266.5682,265.5040,266.0361,135,100,264.0408,15,268.0314,4868.3700,4869.5000,0.0000,4868.9350,0.1157,-0.9644,0.0006,-0.9548,0.9587,-3.1264,4904
^SPX,2024-01-24 16:00:00,SPX,2024-02-16,5160.000,C,1.6118,1.6150,1.6086,1.6118,94,500,1.5618,740,1.6618,4868.3700,4869.5000,0.0000,4868.9350,0.1150,0.0299,0.0005,-0.2282,0.8297,0.0908,437
^SPX,2024-01-24 16:15:00,SPX,2024-02-16,5160.000,P,275.6346,276.1859,275.0833,275.6346,141,500,273.5673,15,277.7019,4868.3700,4869.5000,0.0000,4868.9350,0.1150,-0.9701,0.0005,-0.9265,0.8297,-3.1500,2606
^SPX,2024-01-24 16:15:00,SPX,2024-02-16,5170.000,C,1.3032,1.3058,1.3006,1.3032,7,250,1.2532,30,1.3532,4868.3700,4869.5000,0.0000,4868.9350,0.1143,0.0249,0.0004,-0.1944,0.7128,0.0757,4865
^SPX,2024-01-24 16:00:00,SPX,2024-02-16,5170.000,P,285.2929,285.8635,284.7224,285.2929,59,500,283.1532,670,287.4326,4868.3700,4869.5000,0.0000,4868.9350,0.1143,-0.9751,0.0004,-0.9010,0.7128,-3.1714,853
^SPX,2024-01-24 16:00:00,SPX,2024-02-16,5180.000,C,1.0465,1.0486,1.0444,1.0465,15,500,0.9965,740,1.0965,4868.3700,4869.5000,0.0000,4868.9350,0.1136,0.0206,0.0004,-0.1644,0.6077,0.0627,4451
^SPX,2024-01-24 16:00:00,SPX,2024-02-16,5180.000,P,295.0032,295.5932,294.4132,295.0032,31,250,292.7907,670,297.2157,4868.3700,4869.5000,0.0000,4868.9350,0.1136,-0.9794,0.0004,-0.8784,0.6077,-3.1907,1197
^SPX,2024-01-24 16:15:00,SPX,2024-02-16,5190.000,C,0.8345,0.8362,0.8329,0.8345,83,250,0.7845,740,0.8845,4868.3700,4869.5000,0.0000,4868.9350,0.1130,0.0170,0.0003,-0.1380,0.5141,0.0515,364
^SPX,2024-01-24 16:15:00,SPX,2024-02-16,5190.000,P,304.7582,305.3678,304.1487,304.7582,52,100,302.4726,15,307.0439,4868.3700,4869.5000,0.0000,4868.9350,0.1130,-0.9830,0.0003,-0.8585,0.5141,-3.2081,3520
^SPX,2024-01-24 16:15:00,SPX,2024-02-16,5200.000,C,0.6608,0.6621,0.6595,0.6608,36,31,0.6108,740,0.7108,4868.3700,4869.5000,0.0000,4868.9350,0.1123,0.0138,0.0003,-0.1150,0.4316,0.0420,2911
^SPX,2024-01-24 16:15:00,SPX,2024-02-16,5200.000,P,314.5515,315.1806,313.9224,314.5515,14,500,312.1923,100,316.9106,4868.3700,4869.5000,0.0000,4868.9350,0.1123,-0.9862,0.0003,-0.8413,0.4316,-3.2239,320
^SPX,2024-01-24 16:00:00,SPX,2024-02-16,5210.000,C,0.5195,0.5205,0.5184,0.5195,144,500,0.4695,740,0.5695,4868.3700,4869.5000,0.0000,4868.9350,0.1116,0.0112,0.0002,-0.0950,0.3594,0.0340,2586
^SPX,2024-01-24 16:00:00,SPX,2024-02-16,5210.000,P,324.3771,325.0259,323.7284,324.3771,109,31,321.9443,15,326.8100,4868.3700,4869.5000,0.0000,4868.9350,0.1116,-0.9888,0.0002,-0.8264,0.3594,-3.2382,4817
^SPX,2024-01-24 16:15:00,SPX,2024-02-16,5220.000,C,0.4054,0.4062,0.4046,0.4054,90,100,0.3554,15,0.4554,4868.3700,4869.5000,0.0000,4868.9350,0.1110,0.0090,0.0002,-0.0779,0.2969,0.0273,965
^SPX,2024-01-24 16:00:00,SPX,2024-02-16,5220.000,P,334.2300,334.8985,333.5615,334.2300,56,31,331.7233,100,336.7367,4868.3700,4869.5000,0.0000,4868.9350,0.1110,-0.9910,0.0002,-0.8137,0.2969,-3.2511,1888
^SPX,2024-01-24 16:15:00,SPX,2024-02-16,5230.000,C,0.3140,0.3146,0.3133,0.3140,100,500,0.2640,740,0.3640,4868.3700,4869.5000,0.0000,4868.9350,0.1104,0.0072,0.0001,-0.0633,0.2432,0.0218,2611
^SPX,2024-01-24 16:15:00,SPX,2024-02-16,5230.000,P,344.1056,344.7938,343.4174,344.1056,46,500,341.5248,740,346.6864,4868.3700,4869.5000,0.0000,4868.9350,0.1104,-0.9928,0.0001,-0.8032,0.2432,-3.2629,3793
^SPX,2024-01-24 16:15:00,SPX,2024-02-16,5240.000,C,0.2413,0.2418,0.2408,0.2413,21,250,0.1913,740,0.2913,4868.3700,4869.5000,0.0000,4868.9350,0.1098,0.0057,0.0001,-0.0511,0.1976,0.0172,1352
^SPX,2024-01-24 16:15:00,SPX,2024-02-16,5240.000,P,353.9999,354.7079,353.2919,353.9999,29,0,351.3449,250,356.6549,4868.3700,4869.5000,0.0000,4868.9350,0.1098,-0.9943,0.0001,-0.7944,0.1976,-3.2738,3125
^SPX,2024-01-24 16:00:00,SPX,2024-02-16,5250.000,C,0.1841,0.1844,0.1837,0.1841,65,250,0.1341,100,0.2341,4868.3700,4869.5000,0.0000,4868.9350,0.1091,0.0044,0.0001,-0.0409,0.1592,0.0135,2077
^SPX,2024-01-24 16:15:00,SPX,2024-02-16,5250.000,P,363.9096,364.6374,363.1818,363.9096,21,100,361.1803,30,366.6389,4868.3700,4869.5000,0.0000,4868.9350,0.1091,-0.9956,0.0001,-0.7873,0.1592,-3.2838,4944
^SPX,2024-01-24 16:15:00,SPX,2024-02-16,5260.000,C,0.1393,0.1396,0.1390,0.1393,28,0,0.0893,670,0.1893,4868.3700,4869.5000,0.0000,4868.9350,0.1085,0.0035,0.0001,-0.0324,0.1272,0.0105,4511
^SPX,2024-01-24 16:15:00,SPX,2024-02-16,5260.000,P,373.8318,374.5795,373.0841,373.8318,21,500,371.0281,250,376.6355,4868.3700,4869.5000,0.0000,4868.9350,0.1085,-0.9965,0.0001,-0.7817,0.1272,-3.2930,4074
^SPX,2024-01-24 16:15:00,SPX,2024-02-16,5270.000,C,0.1046,0.1048,0.1044,0.1046,53,250,0.0546,15,0.1546,4868.3700,4869.5000,0.0000,4868.9350,0.1079,0.0027,0.0001,-0.0255,0.1007,0.0081,3541
^SPX,2024-01-24 16:15:00,SPX,2024-02-16,5270.000,P,383.7641,384.5316,382.9965,383.7641,137,500,380.8858,670,386.6423,4868.3700,4869.5000,0.0000,4868.9350,0.1079,-0.9973,0.0001,-0.7773,0.1007,-3.3017,2628
^SPX,2024-01-24 16:15:00,SPX,2024-02-16,5280.000,C,0.0000,0.0000,0.0000,0.0000,0,0,0.0000,250,0.0500,4868.3700,4869.5000,0.0000,4868.9350,0.1074,0.0020,0.0000,-0.0199,0.0790,0.0062,5000
^SPX,2024-01-24 16:15:00,SPX,2024-02-16,5280.000,P,393.7043,394.4917,392.9169,393.7043,119,15,390.7515,100,396.6571,4868.3700,4869.5000,0.0000,4868.9350,0.1074,-0.9980,0.0000,-0.7740,0.0790,-3.3099,4302
^SPX,2024-01-24 16:15:00,SPX,2024-02-16,5290.000,C,0.0000,0.0000,0.0000,0.0000,0,0,0.0000,15,0.0500,4868.3700,4869.5000,0.0000,4868.9350,0.1068,0.0016,0.0000,-0.0154,0.0615,0.0047,3506
^SPX,2024-01-24 16:15:00,SPX,2024-02-16,5290.000,P,403.6509,404.4582,402.8436,403.6509,34,15,400.6236,740,406.6783,4868.3700,4869.5000,0.0000,4868.9350,0.1068,-0.9984,0.0000,-0.7716,0.0615,-3.3177,455
^SPX,2024-01-24 16:00:00,SPX,2024-02-16,5300.000,C,0.0000,0.0000,0.0000,0.0000,0,0,0.0000,670,0.0500,4868.3700,4869.5000,0.0000,4868.9350,0.1062,0.0012,0.0000,-0.0118,0.0474,0.0036,1672
^SPX,2024-01-24 16:15:00,SPX,2024-02-16,5300.000,P,413.6025,414.4297,412.7753,413.6025,48,100,410.5005,30,416.7045,4868.3700,4869.5000,0.0000,4868.9350,0.1062,-0.9988,0.0000,-0.7699,0.0474,-3.3251,3368
^SPX,2024-01-24 16:15:00,SPX,2024-02-16,5310.000,C,0.0000,0.0000,0.0000,0.0000,0,0,0.0000,15,0.0500,4868.3700,4869.5000,0.0000,4868.9350,0.1057,0.0009,0.0000,-0.0089,0.0362,0.0027,801
^SPX,2024-01-24 16:00:00,SPX,2024-02-16,5310.000,P,423.5580,424.4051,422.7109,423.5580,11,15,420.3813,30,426.7347,4868.3700,4869.5000,0.0000,4868.9350,0.1057,-0.9991,0.0000,-0.7690,0.0362,-3.3323,3375
^SPX,2024-01-24 16:15:00,SPX,2024-02-16,5320.000,C,0.0000,0.0000,0.0000,0.0000,0,0,0.0000,670,0.0500,4868.3700,4869.5000,0.0000,4868.9350,0.1051,0.0006,0.0000,-0.0067,0.0274,0.0020,2306
^SPX,2024-01-24 16:15:00,SPX,2024-02-16,5320.000,P,433.5164,434.3834,432.6494,433.5164,140,500,430.2650,250,436.7678,4868.3700,4869.5000,0.0000,4868.9350,0.1051,-0.9994,0.0000,-0.7685,0.0274,-3.3393,277
^SPX,2024-01-24 16:00:00,SPX,2024-02-16,5330.000,C,0.0000,0.0000,0.0000,0.0000,0,0,0.0000,100,0.0500,4868.3700,4869.5000,0.0000,4868.9350,0.1046,0.0005,0.0000,-0.0050,0.0206,0.0014,169
^SPX,2024-01-24 16:15:00,SPX,2024-02-16,5330.000,P,443.4771,444.3640,442.5901,443.4771,19,100,440.1510,30,446.8031,4868.3700,4869.5000,0.0000,4868.9350,0.1046,-0.9995,0.0000,-0.7685,0.0206,-3.3461,2277
^SPX,2024-01-24 16:00:00,SPX,2024-02-16,5340.000,C,0.0000,0.0000,0.0000,0.0000,0,0,0.0000,740,0.0500,4868.3700,4869.5000,0.0000,4868.9350,0.1041,0.0003,0.0000,-0.0037,0.0153,0.0010,3952
^SPX,2024-01-24 16:00:00,SPX,2024-02-16,5340.000,P,453.4394,454.3463,452.5326,453.4394,87,100,450.0386,15,456.8402,4868.3700,4869.5000,0.0000,4868.9350,0.1041,-0.9997,0.0000,-0.7688,0.0153,-3.3528,4941
^SPX,2024-01-24 16:00:00,SPX,2024-02-16,5350.000,C,0.0000,0.0000,0.0000,0.0000,0,0,0.0000,100,0.0500,4868.3700,4869.5000,0.0000,4868.9350,0.1035,0.0002,0.0000,-0.0027,0.0112,0.0008,4368
^SPX,2024-01-24 16:15:00,SPX,2024-02-16,5350.000,P,463.4031,464.3299,462.4763,463.4031,10,0,459.9276,670,466.8786,4868.3700,4869.5000,0.0000,4868.9350,0.1035,-0.9998,0.0000,-0.7693,0.0112,-3.3593,2454
^SPX,2024-01-24 16:15:00,SPX,2024-02-16,5360.000,C,0.0000,0.0000,0.0000,0.0000,0,0,0.0000,670,0.0500,4868.3700,4869.5000,0.0000,4868.9350,0.1030,0.0002,0.0000,-0.0020,0.0082,0.0005,2327
^SPX,2024-01-24 16:15:00,SPX,2024-02-16,5360.000,P,473.3677,474.3144,472.4209,473.3677,76,100,469.8174,250,476.9179,4868.3700,4869.5000,0.0000,4868.9350,0.1030,-0.9998,0.0000,-0.7701,0.0082,-3.3658,4529
^SPX,2024-01-24 16:00:00,SPX,2024-02-16,5370.000,C,0.0000,0.0000,0.0000,0.0000,0,0,0.0000,100,0.0500,4868.3700,4869.5000,0.0000,4868.9350,0.1025,0.0001,0.0000,-0.0014,0.0059,0.0004,4299
^SPX,2024-01-24 16:15:00,SPX,2024-02-16,5370.000,P,483.3330,484.2996,482.3663,483.3330,127,250,479.7080,30,486.9580,4868.3700,4869.5000,0.0000,4868.9350,0.1025,-0.9999,0.0000,-0.7711,0.0059,-3.3723,3044
^SPX,2024-01-24 16:15:00,SPX,2024-02-16,5380.000,C,0.0000,0.0000,0.0000,0.0000,0,0,0.0000,740,0.0500,4868.3700,4869.5000,0.0000,4868.9350,0.1020,0.0001,0.0000,-0.0010,0.0042,0.0003,4477
^SPX,2024-01-24 16:00:00,SPX,2024-02-16,5380.000,P,493.2987,494.2853,492.3122,493.2987,141,31,489.5990,670,496.9985,4868.3700,4869.5000,0.0000,4868.9350,0.1020,-0.9999,0.0000,-0.7722,0.0042,-3.3787,3148
^SPX,2024-01-24 16:00:00,SPX,2024-02-16,5390.000,C,0.0000,0.0000,0.0000,0.0000,0,0,0.0000,15,0.0500,4868.3700,4869.5000,0.0000,4868.9350,0.1016,0.0001,0.0000,-0.0007,0.0030,0.0002,749
^SPX,2024-01-24 16:00:00,SPX,2024-02-16,5390.000,P,503.2649,504.2714,502.2584,503.2649,122,100,499.4904,15,507.0394,4868.3700,4869.5000,0.0000,4868.9350,0.1016,-0.9999,0.0000,-0.7733,0.0030,-3.3850,2345
^SPX,2024-01-24 16:15:00,SPX,2024-02-16,5400.000,C,0.0000,0.0000,0.0000,0.0000,0,0,0.0000,100,0.0500,4868.3700,4869.5000,0.0000,4868.9350,0.1011,0.0000,0.0000,-0.0005,0.0021,0.0001,1920
^SPX,2024-01-24 16:00:00,SPX,2024-02-16,5400.000,P,513.2313,514.2578,512.2048,513.2313,50,0,509.3821,15,517.0805,4868.3700,4869.5000,0.0000,4868.9350,0.1011,-1.0000,0.0000,-0.7746,0.0021,-3.3914,2522
^SPX,2024-01-24 16:00:00,SPX,2024-02-16,5410.000,C,0.0000,0.0000,0.0000,0.0000,0,0,0.0000,15,0.0500,4868.3700,4869.5000,0.0000,4868.9350,0.1006,0.0000,0.0000,-0.0003,0.0015,0.0001,217
^SPX,2024-01-24 16:15:00,SPX,2024-02-16,5410.000,P,523.1979,524.2443,522.1515,523.1979,82,31,519.2739,15,527.1219,4868.3700,4869.5000,0.0000,4868.9350,0.1006,-1.0000,0.0000,-0.7759,0.0015,-3.3977,555
^SPX,2024-01-24 16:15:00,SPX,2024-02-16,5420.000,C,0.0000,0.0000,0.0000,0.0000,0,0,0.0000,250,0.0500,4868.3700,4869.5000,0.0000,4868.9350,0.1002,0.0000,0.0000,-0.0002,0.0010,0.0001,2440
^SPX,2024-01-24 16:00:00,SPX,2024-02-16,5420.000,P,533.1646,534.2309,532.0983,533.1646,66,31,529.1659,740,537.1633,4868.3700,4869.5000,0.0000,4868.9350,0.1002,-1.0000,0.0000,-0.7772,0.0010,-3.4040,4058
^SPX,2024-01-24 16:15:00,SPX,2024-02-16,5430.000,C,0.0000,0.0000,0.0000,0.0000,0,0,0.0000,100,0.0500,4868.3700,4869.5000,0.0000,4868.9350,0.0997,0.0000,0.0000,-0.0002,0.0007,0.0000,3075
^SPX,2024-01-24 16:15:00,SPX,2024-02-16,5430.000,P,543.1314,544.2176,542.0451,543.1314,120,31,539.0579,740,547.2049,4868.3700,4869.5000,0.0000,4868.9350,0.0997,-1.0000,0.0000,-0.7786,0.0007,-3.4103,607
^SPX,2024-01-24 16:15:00,SPX,2024-02-16,5440.000,C,0.0000,0.0000,0.0000,0.0000,0,0,0.0000,30,0.0500,4868.3700,4869.5000,0.0000,4868.9350,0.0993,0.0000,0.0000,-0.0001,0.0005,0.0000,3946
^SPX,2024-01-24 16:00:00,SPX,2024-02-16,5440.000,P,553.0982,554.2044,551.9920,553.0982,14,0,548.9500,30,557.2465,4868.3700,4869.5000,0.0000,4868.9350,0.0993,-1.0000,0.0000,-0.7800,0.0005,-3.4166,1346
^SPX,2024-01-24 16:15:00,SPX,2024-02-16,5450.000,C,0.0000,0.0000,0.0000,0.0000,0,0,0.0000,100,0.0500,4868.3700,4869.5000,0.0000,4868.9350,0.0989,0.0000,0.0000,-0.0001,0.0003,0.0000,4863
^SPX,2024-01-24 16:00:00,SPX,2024-02-16,5450.000,P,563.0651,564.1913,561.9390,563.0651,40,250,558.8421,670,567.2881,4868.3700,4869.5000,0.0000,4868.9350,0.0989,-1.0000,0.0000,-0.7814,0.0003,-3.4229,4622
^SPX,2024-01-24 16:00:00,SPX,2024-02-16,5460.000,C,0.0000,0.0000,0.0000,0.0000,0,0,0.0000,670,0.0500,4868.3700,4869.5000,0.0000,4868.9350,0.0985,0.0000,0.0000,-0.0000,0.0002,0.0000,3481
^SPX,2024-01-24 16:15:00,SPX,2024-02-16,5460.000,P,573.0321,574.1781,571.8860,573.0321,84,250,568.7343,30,577.3298,4868.3700,4869.5000,0.0000,4868.9350,0.0985,-1.0000,0.0000,-0.7828,0.0002,-3.4292,2902
^SPX,2024-01-24 16:00:00,SPX,2024-02-16,5470.000,C,0.0000,0.0000,0.0000,0.0000,0,0,0.0000,100,0.0500,4868.3700,4869.5000,0.0000,4868.9350,0.0981,0.0000,0.0000,-0.0000,0.0001,0.0000,913
^SPX,2024-01-24 16:15:00,SPX,2024-02-16,5470.000,P,582.9990,584.1650,581.8330,582.9990,51,100,578.6265,740,587.3715,4868.3700,4869.5000,0.0000,4868.9350,0.0981,-1.0000,0.0000,-0.7842,0.0001,-3.4355,4756
^SPX,2024-01-24 16:15:00,SPX,2024-02-16,5480.000,C,0.0000,0.0000,0.0000,0.0000,0,0,0.0000,740,0.0500,4868.3700,4869.5000,0.0000,4868.9350,0.0977,0.0000,0.0000,-0.0000,0.0001,0.0000,1079
^SPX,2024-01-24 16:15:00,SPX,2024-02-16,5480.000,P,592.9659,594.1519,591.7800,592.9659,106,100,588.5187,670,597.4132,4868.3700,4869.5000,0.0000,4868.9350,0.0977,-1.0000,0.0000,-0.7856,0.0001,-3.4417,1131
^SPX,2024-01-24 16:00:00,SPX,2024-02-16,5490.000,C,0.0000,0.0000,0.0000,0.0000,0,0,0.0000,15,0.0500,4868.3700,4869.5000,0.0000,4868.9350,0.0973,0.0000,0.0000,-0.0000,0.0001,0.0000,2570
^SPX,2024-01-24 16:00:00,SPX,2024-02-16,5490.000,P,602.9329,604.1388,601.7270,602.9329,120,15,598.4109,30,607.4549,4868.3700,4869.5000,0.0000,4868.9350,0.0973,-1.0000,0.0000,-0.7871,0.0001,-3.4480,4602
^SPX,2024-01-24 16:15:00,SPX,2024-02-16,5500.000,C,0.0000,0.0000,0.0000,0.0000,0,0,0.0000,250,0.0500,4868.3700,4869.5000,0.0000,4868.9350,0.0969,0.0000,0.0000,-0.0000,0.0000,0.0000,4831
^SPX,2024-01-24 16:00:00,SPX,2024-02-16,5500.000,P,612.8999,614.1257,611.6741,612.8999,123,500,608.3031,250,617.4966,4868.3700,4869.5000,0.0000,4868.9350,0.0969,-1.0000,0.0000,-0.7885,0.0000,-3.4543,3078
^SPX,2024-01-24 16:15:00,SPX,2024-02-16,5510.000,C,0.0000,0.0000,0.0000,0.0000,0,0,0.0000,30,0.0500,4868.3700,4869.5000,0.0000,4868.9350,0.0965,0.0000,0.0000,-0.0000,0.0000,0.0000,1061
^SPX,2024-01-24 16:00:00,SPX,2024-02-16,5510.000,P,622.8668,624.1126,621.6211,622.8668,68,100,618.1953,15,627.5383,4868.3700,4869.5000,0.0000,4868.9350,0.0965,-1.0000,0.0000,-0.7899,0.0000,-3.4606,4481
^SPX,2024-01-24 16:00:00,SPX,2024-02-16,5520.000,C,0.0000,0.0000,0.0000,0.0000,0,0,0.0000,100,0.0500,4868.3700,4869.5000,0.0000,4868.9350,0.0961,0.0000,0.0000,-0.0000,0.0000,0.0000,216
^SPX,2024-01-24 16:00:00,SPX,2024-02-16,5520.000,P,632.8338,634.0995,631.5681,632.8338,143,250,628.0876,250,637.5801,4868.3700,4869.5000,0.0000,4868.9350,0.0961,-1.0000,0.0000,-0.7914,0.0000,-3.4669,1704
^SPX,2024-01-24 16:00:00,SPX,2024-02-16,5530.000,C,0.0000,0.0000,0.0000,0.0000,0,0,0.0000,15,0.0500,4868.3700,4869.5000,0.0000,4868.9350,0.0958,0.0000,0.0000,-0.0000,0.0000,0.0000,4324
^SPX,2024-01-24 16:00:00,SPX,2024-02-16,5530.000,P,642.8008,644.0864,641.5152,642.8008,55,0,637.9798,250,647.6218,4868.3700,4869.5000,0.0000,4868.9350,0.0958,-1.0000,0.0000,-0.7928,0.0000,-3.4731,714
^SPX,2024-01-24 16:15:00,SPX,2024-02-16,5540.000,C,0.0000,0.0000,0.0000,0.0000,0,0,0.0000,250,0.0500,4868.3700,4869.5000,0.0000,4868.9350,0.0954,0.0000,0.0000,-0.0000,0.0000,0.0000,3544
^SPX,2024-01-24 16:00:00,SPX,2024-02-16,5540.000,P,652.7677,654.0733,651.4622,652.7677,70,100,647.8720,250,657.6635,4868.3700,4869.5000,0.0000,4868.9350,0.0954,-1.0000,0.0000,-0.7942,0.0000,-3.4794,1298
^SPX,2024-01-24 16:15:00,SPX,2024-02-16,5550.000,C,0.0000,0.0000,0.0000,0.0000,0,0,0.0000,740,0.0500,4868.3700,4869.5000,0.0000,4868.9350,0.0951,0.0000,0.0000,-0.0000,0.0000,0.0000,2449
^SPX,2024-01-24 16:15:00,SPX,2024-02-16,5550.000,P,662.7347,664.0602,661.4093,662.7347,116,0,657.7642,740,667.7052,4868.3700,4869.5000,0.0000,4868.9350,0.0951,-1.0000,0.0000,-0.7957,0.0000,-3.4857,3996
^SPX,2024-01-24 16:15:00,SPX,2024-02-16,5560.000,C,0.0000,0.0000,0.0000,0.0000,0,0,0.0000,15,0.0500,4868.3700,4869.5000,0.0000,4868.9350,0.0948,0.0000,0.0000,-0.0000,0.0000,0.0000,1421
^SPX,2024-01-24 16:00:00,SPX,2024-02-16,5560.000,P,672.7017,674.0471,671.3563,672.7017,59,31,667.6564,740,677.7470,4868.3700,4869.5000,0.0000,4868.9350,0.0948,-1.0000,0.0000,-0.7971,0.0000,-3.4920,2967
^SPX,2024-01-24 16:15:00,SPX,2024-02-16,5570.000,C,0.0000,0.0000,0.0000,0.0000,0,0,0.0000,250,0.0500,4868.3700,4869.5000,0.0000,4868.9350,0.0945,0.0000,0.0000,-0.0000,0.0000,0.0000,2232
^SPX,2024-01-24 16:00:00,SPX,2024-02-16,5570.000,P,682.6687,684.0340,681.3033,682.6687,119,0,677.5487,670,687.7887,4868.3700,4869.5000,0.0000,4868.9350,0.0945,-1.0000,0.0000,-0.7985,0.0000,-3.4983,4872
^SPX,2024-01-24 16:15:00,SPX,2024-02-16,5580.000,C,0.0000,0.0000,0.0000,0.0000,0,0,0.0000,30,0.0500,4868.3700,4869.5000,0.0000,4868.9350,0.0941,0.0000,0.0000,-0.0000,0.0000,0.0000,3830
^SPX,2024-01-24 16:15:00,SPX,2024-02-16,5580.000,P,692.6356,694.0209,691.2504,692.6356,90,250,687.4409,100,697.8304,4868.3700,4869.5000,0.0000,4868.9350,0.0941,-1.0000,0.0000,-0.8000,0.0000,-3.5046,3901
^SPX,2024-01-24 16:00:00,SPX,2024-02-16,5590.000,C,0.0000,0.0000,0.0000,0.0000,0,0,0.0000,15,0.0500,4868.3700,4869.5000,0.0000,4868.9350,0.0938,0.0000,0.0000,-0.0000,0.0000,0.0000,2774
^SPX,2024-01-24 16:15:00,SPX,2024-02-16,5590.000,P,702.6026,704.0078,701.1974,702.6026,76,0,697.3331,250,707.8721,4868.3700,4869.5000,0.0000,4868.9350,0.0938,-1.0000,0.0000,-0.8014,0.0000,-3.5108,4750
^SPX,2024-01-24 16:00:00,SPX,2024-02-16,5600.000,C,0.0000,0.0000,0.0000,0.0000,0,0,0.0000,100,0.0500,4868.3700,4869.5000,0.0000,4868.9350,0.0935,0.0000,0.0000,-0.0000,0.0000,0.0000,3533
^SPX,2024-01-24 16:15:00,SPX,2024-02-16,5600.000,P,712.5696,713.9947,711.1444,712.5696,108,500,707.2253,250,717.9139,4868.3700,4869.5000,0.0000,4868.9350,0.0935,-1.0000,0.0000,-0.8028,0.0000,-3.5171,1161
^SPX,2024-01-24 16:15:00,SPX,2024-02-16,5610.000,C,0.0000,0.0000,0.0000,0.0000,0,0,0.0000,30,0.0500,4868.3700,4869.5000,0.0000,4868.9350,0.0932,0.0000,0.0000,-0.0000,0.0000,0.0000,3756
^SPX,2024-01-24 16:00:00,SPX,2024-02-16,5610.000,P,722.5366,723.9816,721.0915,722.5366,78,500,717.1175,15,727.9556,4868.3700,4869.5000,0.0000,4868.9350,0.0932,-1.0000,0.0000,-0.8043,0.0000,-3.5234,4091
^SPX,2024-01-24 16:15:00,SPX,2024-02-16,5620.000,C,0.0000,0.0000,0.0000,0.0000,0,0,0.0000,100,0.0500,4868.3700,4869.5000,0.0000,4868.9350,0.0930,0.0000,0.0000,-0.0000,0.0000,0.0000,4220
^SPX,2024-01-24 16:15:00,SPX,2024-02-16,5620.000,P,732.5035,733.9685,731.0385,732.5035,52,500,727.0098,250,737.9973,4868.3700,4869.5000,0.0000,4868.9350,0.0930,-1.0000,0.0000,-0.8057,0.0000,-3.5297,3578
^SPX,2024-01-24 16:00:00,SPX,2024-02-16,5630.000,C,0.0000,0.0000,0.0000,0.0000,0,0,0.0000,670,0.0500,4868.3700,4869.5000,0.0000,4868.9350,0.0927,0.0000,0.0000,-0.0000,0.0000,0.0000,4970
^SPX,2024-01-24 16:00:00,SPX,2024-02-16,5630.000,P,742.4705,743.9554,740.9856,742.4705,32,250,736.9020,30,748.0390,4868.3700,4869.5000,0.0000,4868.9350,0.0927,-1.0000,0.0000,-0.8071,0.0000,-3.5360,3383
^SPX,2024-01-24 16:15:00,SPX,2024-02-16,5640.000,C,0.0000,0.0000,0.0000,0.0000,0,0,0.0000,15,0.0500,4868.3700,4869.5000,0.0000,4868.9350,0.0924,0.0000,0.0000,-0.0000,0.0000,0.0000,2014
^SPX,2024-01-24 16:15:00,SPX,2024-02-16,5640.000,P,752.4375,753.9423,750.9326,752.4375,11,100,746.7942,740,758.0808,4868.3700,4869.5000,0.0000,4868.9350,0.0924,-1.0000,0.0000,-0.8086,0.0000,-3.5422,2636
^SPX,2024-01-24 16:00:00,SPX,2024-02-16,5650.000,C,0.0000,0.0000,0.0000,0.0000,0,0,0.0000,740,0.0500,4868.3700,4869.5000,0.0000,4868.9350,0.0922,0.0000,0.0000,-0.0000,0.0000,0.0000,1904
^SPX,2024-01-24 16:00:00,SPX,2024-02-16,5650.000,P,762.4044,763.9293,760.8796,762.4044,145,100,756.6864,250,768.1225,4868.3700,4869.5000,0.0000,4868.9350,0.0922,-1.0000,0.0000,-0.8100,0.0000,-3.5485,2514
^SPX,2024-01-24 16:15:00,SPX,2024-02-16,5660.000,C,0.0000,0.0000,0.0000,0.0000,0,0,0.0000,30,0.0500,4868.3700,4869.5000,0.0000,4868.9350,0.0919,0.0000,0.0000,-0.0000,0.0000,0.0000,3300
^SPX,2024-01-24 16:15:00,SPX,2024-02-16,5660.000,P,772.3714,773.9162,770.8267,772.3714,65,250,766.5786,740,778.1642,4868.3700,4869.5000,0.0000,4868.9350,0.0919,-1.0000,0.0000,-0.8114,0.0000,-3.5548,4261
^SPX,2024-01-24 16:15:00,SPX,2024-02-16,5670.000,C,0.0000,0.0000,0.0000,0.0000,0,0,0.0000,100,0.0500,4868.3700,4869.5000,0.0000,4868.9350,0.0917,0.0000,0.0000,-0.0000,0.0000,0.0000,107
^SPX,2024-01-24 16:15:00,SPX,2024-02-16,5670.000,P,782.3384,783.9031,780.7737,782.3384,148,0,776.4709,250,788.2059,4868.3700,4869.5000,0.0000,4868.9350,0.0917,-1.0000,0.0000,-0.8129,0.0000,-3.5611,1132
^SPX,2024-01-24 16:00:00,SPX,2024-02-16,5680.000,C,0.0000,0.0000,0.0000,0.0000,0,0,0.0000,250,0.0500,4868.3700,4869.5000,0.0000,4868.9350,0.0914,0.0000,0.0000,-0.0000,0.0000,0.0000,2531
^SPX,2024-01-24 16:00:00,SPX,2024-02-16,5680.000,P,792.3054,793.8900,790.7208,792.3054,2,31,786.3631,100,798.2477,4868.3700,4869.5000,0.0000,4868.9350,0.0914,-1.0000,0.0000,-0.8143,0.0000,-3.5674,3220
^SPX,2024-01-24 16:00:00,SPX,2024-02-16,5690.000,C,0.0000,0.0000,0.0000,0.0000,0,0,0.0000,15,0.0500,4868.3700,4869.5000,0.0000,4868.9350,0.0912,0.0000,0.0000,-0.0000,0.0000,0.0000,4544
^SPX,2024-01-24 16:15:00,SPX,2024-02-16,5690.000,P,802.2723,803.8769,800.6678,802.2723,137,100,796.2553,15,808.2894,4868.3700,4869.5000,0.0000,4868.9350,0.0912,-1.0000,0.0000,-0.8157,0.0000,-3.5736,4247
^SPX,2024-01-24 16:00:00,SPX,2024-02-16,5700.000,C,0.0000,0.0000,0.0000,0.0000,0,0,0.0000,670,0.0500,4868.3700,4869.5000,0.0000,4868.9350,0.0910,0.0000,0.0000,-0.0000,0.0000,0.0000,3849
^SPX,2024-01-24 16:00:00,SPX,2024-02-16,5700.000,P,812.2393,813.8638,810.6148,812.2393,96,15,806.1475,30,818.3311,4868.3700,4869.5000,0.0000,4868.9350,0.0910,-1.0000,0.0000,-0.8172,0.0000,-3.5799,2280
^SPX,2024-01-24 16:15:00,SPX,2024-02-16,5710.000,C,0.0000,0.0000,0.0000,0.0000,0,0,0.0000,30,0.0500,4868.3700,4869.5000,0.0000,4868.9350,0.0908,0.0000,0.0000,-0.0000,0.0000,0.0000,993
^SPX,2024-01-24 16:15:00,SPX,2024-02-16,5710.000,P,822.2063,823.8507,820.5619,822.2063,93,500,816.0397,15,828.3728,4868.3700,4869.5000,0.0000,4868.9350,0.0908,-1.0000,0.0000,-0.8186,0.0000,-3.5862,1388
^SPX,2024-01-24 16:00:00,SPX,2024-02-16,5720.000,C,0.0000,0.0000,0.0000,0.0000,0,0,0.0000,670,0.0500,4868.3700,4869.5000,0.0000,4868.9350,0.0906,0.0000,0.0000,-0.0000,0.0000,0.0000,3120
^SPX,2024-01-24 16:15:00,SPX,2024-02-16,5720.000,P,832.1733,833.8376,830.5089,832.1733,67,250,825.9320,250,838.4146,4868.3700,4869.5000,0.0000,4868.9350,0.0906,-1.0000,0.0000,-0.8200,0.0000,-3.5925,766
^SPX,2024-01-24 16:15:00,SPX,2024-02-16,5730.000,C,0.0000,0.0000,0.0000,0.0000,0,0,0.0000,30,0.0500,4868.3700,4869.5000,0.0000,4868.9350,0.0904,0.0000,0.0000,-0.0000,0.0000,0.0000,3149
^SPX,2024-01-24 16:15:00,SPX,2024-02-16,5730.000,P,842.1402,843.8245,840.4559,842.1402,74,0,835.8242,670,848.4563,4868.3700,4869.5000,0.0000,4868.9350,0.0904,-1.0000,0.0000,-0.8215,0.0000,-3.5988,1790
^SPX,2024-01-24 16:00:00,SPX,2024-02-16,5740.000,C,0.0000,0.0000,0.0000,0.0000,0,0,0.0000,740,0.0500,4868.3700,4869.5000,0.0000,4868.9350,0.0902,0.0000,0.0000,-0.0000,0.0000,0.0000,555
^SPX,2024-01-24 16:00:00,SPX,2024-02-16,5740.000,P,852.1072,853.8114,850.4030,852.1072,147,100,845.7164,670,858.4980,4868.3700,4869.5000,0.0000,4868.9350,0.0902,-1.0000,0.0000,-0.8229,0.0000,-3.6050,105
^SPX,2024-01-24 16:00:00,SPX,2024-02-16,5750.000,C,0.0000,0.0000,0.0000,0.0000,0,0,0.0000,100,0.0500,4868.3700,4869.5000,0.0000,4868.9350,0.0900,0.0000,0.0000,-0.0000,0.0000,0.0000,3798
^SPX,2024-01-24 16:00:00,SPX,2024-02-16,5750.000,P,862.0742,863.7983,860.3500,862.0742,98,500,855.6086,100,868.5397,4868.3700,4869.5000,0.0000,4868.9350,0.0900,-1.0000,0.0000,-0.8243,0.0000,-3.6113,3715
^SPX,2024-01-24 16:00:00,SPX,2024-02-16,5760.000,C,0.0000,0.0000,0.0000,0.0000,0,0,0.0000,15,0.0500,4868.3700,4869.5000,0.0000,4868.9350,0.0899,0.0000,0.0000,-0.0000,0.0000,0.0000,354
^SPX,2024-01-24 16:15:00,SPX,2024-02-16,5760.000,P,872.0411,873.7852,870.2971,872.0411,105,500,865.5008,740,878.5815,4868.3700,4869.5000,0.0000,4868.9350,0.0899,-1.0000,0.0000,-0.8258,0.0000,-3.6176,1345
^SPX,2024-01-24 16:00:00,SPX,2024-02-16,5770.000,C,0.0000,0.0000,0.0000,0.0000,0,0,0.0000,100,0.0500,4868.3700,4869.5000,0.0000,4868.9350,0.0897,0.0000,0.0000,-0.0000,0.0000,0.0000,2973
^SPX,2024-01-24 16:15:00,SPX,2024-02-16,5770.000,P,882.0081,883.7721,880.2441,882.0081,60,15,875.3931,740,888.6232,4868.3700,4869.5000,0.0000,4868.9350,0.0897,-1.0000,0.0000,-0.8272,0.0000,-3.6239,4844
^SPX,2024-01-24 16:00:00,SPX,2024-02-16,5780.000,C,0.0000,0.0000,0.0000,0.0000,0,0,0.0000,100,0.0500,4868.3700,4869.5000,0.0000,4868.9350,0.0895,0.0000,0.0000,-0.0000,0.0000,0.0000,4806
^SPX,2024-01-24 16:00:00,SPX,2024-02-16,5780.000,P,891.9751,893.7590,890.1911,891.9751,44,15,885.2853,15,898.6649,4868.3700,4869.5000,0.0000,4868.9350,0.0895,-1.0000,0.0000,-0.8286,0.0000,-3.6302,3971
^SPX,2024-01-24 16:00:00,SPX,2024-02-16,5790.000,C,0.0000,0.0000,0.0000,0.0000,0,0,0.0000,670,0.0500,4868.3700,4869.5000,0.0000,4868.9350,0.0894,0.0000,0.0000,-0.0000,0.0000,0.0000,165
^SPX,2024-01-24 16:00:00,SPX,2024-02-16,5790.000,P,901.9421,903.7459,900.1382,901.9421,132,15,895.1775,670,908.7066,4868.3700,4869.5000,0.0000,4868.9350,0.0894,-1.0000,0.0000,-0.8301,0.0000,-3.6364,490
^SPX,2024-01-24 16:00:00,SPX,2024-02-16,5800.000,C,0.0000,0.0000,0.0000,0.0000,0,0,0.0000,670,0.0500,4868.3700,4869.5000,0.0000,4868.9350,0.0893,0.0000,0.0000,-0.0000,0.0000,0.0000,4329
^SPX,2024-01-24 16:15:00,SPX,2024-02-16,5800.000,P,911.9090,913.7329,910.0852,911.9090,148,250,905.0697,740,918.7484,4868.3700,4869.5000,0.0000,4868.9350,0.0893,-1.0000,0.0000,-0.8315,0.0000,-3.6427,1542
^SPX,2024-01-24 16:15:00,SPX,2024-02-16,5810.000,C,0.0000,0.0000,0.0000,0.0000,0,0,0.0000,250,0.0500,4868.3700,4869.5000,0.0000,4868.9350,0.0891,0.0000,0.0000,-0.0000,0.0000,0.0000,383
^SPX,2024-01-24 16:15:00,SPX,2024-02-16,5810.000,P,921.8760,923.7198,920.0323,921.8760,69,15,914.9619,740,928.7901,4868.3700,4869.5000,0.0000,4868.9350,0.0891,-1.0000,0.0000,-0.8329,0.0000,-3.6490,2499
^SPX,2024-01-24 16:00:00,SPX,2024-02-16,5820.000,C,0.0000,0.0000,0.0000,0.0000,0,0,0.0000,250,0.0500,4868.3700,4869.5000,0.0000,4868.9350,0.0890,0.0000,0.0000,-0.0000,0.0000,0.0000,3397
^SPX,2024-01-24 16:00:00,SPX,2024-02-16,5820.000,P,931.8430,933.7067,929.9793,931.8430,121,250,924.8542,250,938.8318,4868.3700,4869.5000,0.0000,4868.9350,0.0890,-1.0000,0.0000,-0.8344,0.0000,-3.6553,1369
^SPX,2024-01-24 16:00:00,SPX,2024-02-16,5830.000,C,0.0000,0.0000,0.0000,0.0000,0,0,0.0000,100,0.0500,4868.3700,4869.5000,0.0000,4868.9350,0.0889,0.0000,0.0000,-0.0000,0.0000,0.0000,952
^SPX,2024-01-24 16:00:00,SPX,2024-02-16,5830.000,P,941.8099,943.6936,939.9263,941.8099,13,31,934.7464,15,948.8735,4868.3700,4869.5000,0.0000,4868.9350,0.0889,-1.0000,0.0000,-0.8358,0.0000,-3.6616,4087
^SPX,2024-01-24 16:00:00,SPX,2024-02-16,5840.000,C,0.0000,0.0000,0.0000,0.0000,0,0,0.0000,740,0.0500,4868.3700,4869.5000,0.0000,4868.9350,0.0888,0.0000,0.0000,-0.0000,0.0000,0.0000,1046
^SPX,2024-01-24 16:00:00,SPX,2024-02-16,5840.000,P,951.7769,953.6805,949.8734,951.7769,144,15,944.6386,15,958.9152,4868.3700,4869.5000,0.0000,4868.9350,0.0888,-1.0000,0.0000,-0.8372,0.0000,-3.6678,2024
^SPX,2024-01-24 16:00:00,SPX,2024-02-16,5850.000,C,0.0000,0.0000,0.0000,0.0000,0,0,0.0000,100,0.0500,4868.3700,4869.5000,0.0000,4868.9350,0.0887,0.0000,0.0000,-0.0000,0.0000,0.0000,2975
^SPX,2024-01-24 16:15:00,SPX,2024-02-16,5850.000,P,961.7439,963.6674,959.8204,961.7439,55,15,954.5308,740,968.9570,4868.3700,4869.5000,0.0000,4868.9350,0.0887,-1.0000,0.0000,-0.8387,0.0000,-3.6741,454
^SPX,2024-01-24 16:15:00,SPX,2024-02-16,5860.000,C,0.0000,0.0000,0.0000,0.0000,0,0,0.0000,100,0.0500,4868.3700,4869.5000,0.0000,4868.9350,0.0886,0.0000,0.0000,-0.0000,0.0000,0.0000,2547
^SPX,2024-01-24 16:00:00,SPX,2024-02-16,5860.000,P,971.7109,973.6543,969.7674,971.7109,72,100,964.4230,15,978.9987,4868.3700,4869.5000,0.0000,4868.9350,0.0886,-1.0000,0.0000,-0.8401,0.0000,-3.6804,2934
^SPX,2024-01-24 16:15:00,SPX,2024-02-16,5870.000,C,0.0000,0.0000,0.0000,0.0000,0,0,0.0000,670,0.0500,4868.3700,4869.5000,0.0000,4868.9350,0.0885,0.0000,0.0000,-0.0000,0.0000,0.0000,4468
^SPX,2024-01-24 16:00:00,SPX,2024-02-16,5870.000,P,981.6778,983.6412,979.7145,981.6778,34,15,974.3153,30,989.0404,4868.3700,4869.5000,0.0000,4868.9350,0.0885,-1.0000,0.0000,-0.8415,0.0000,-3.6867,1296
^SPX,2024-01-24 16:00:00,SPX,2024-02-16,5880.000,C,0.0000,0.0000,0.0000,0.0000,0,0,0.0000,100,0.0500,4868.3700,4869.5000,0.0000,4868.9350,0.0884,0.0000,0.0000,-0.0000,0.0000,0.0000,3156
^SPX,2024-01-24 16:00:00,SPX,2024-02-16,5880.000,P,991.6448,993.6281,989.6615,991.6448,86,500,984.2075,30,999.0821,4868.3700,4869.5000,0.0000,4868.9350,0.0884,-1.0000,0.0000,-0.8430,0.0000,-3.6930,1545
^SPX,2024-01-24 16:15:00,SPX,2024-02-16,5890.000,C,0.0000,0.0000,0.0000,0.0000,0,0,0.0000,15,0.0500,4868.3700,4869.5000,0.0000,4868.9350,0.0883,0.0000,0.0000,-0.0000,0.0000,0.0000,1692
^SPX,2024-01-24 16:15:00,SPX,2024-02-16,5890.000,P,1001.6118,1003.6150,999.6086,1001.6118,142,15,994.0997,100,1009.1239,4868.3700,4869.5000,0.0000,4868.9350,0.0883,-1.0000,0.0000,-0.8444,0.0000,-3.6992,1176
^SPX,2024-01-24 16:00:00,SPX,2024-02-16,5900.000,C,0.0000,0.0000,0.0000,0.0000,0,0,0.0000,670,0.0500,4868.3700,4869.5000,0.0000,4868.9350,0.0882,0.0000,0.0000,-0.0000,0.0000,0.0000,3783
^SPX,2024-01-24 16:00:00,SPX,2024-02-16,5900.000,P,1011.5788,1013.6019,1009.5556,1011.5788,144,0,1003.9919,740,1019.1656,4868.3700,4869.5000,0.0000,4868.9350,0.0882,-1.0000,0.0000,-0.8458,0.0000,-3.7055,4682
^SPX,2024-01-24 16:15:00,SPX,2024-02-16,5910.000,C,0.0000,0.0000,0.0000,0.0000,0,0,0.0000,670,0.0500,4868.3700,4869.5000,0.0000,4868.9350,0.0882,0.0000,0.0000,-0.0000,0.0000,0.0000,4904
^SPX,2024-01-24 16:15:00,SPX,2024-02-16,5910.000,P,1021.5457,1023.5888,1019.5026,1021.5457,4,0,1013.8841,670,1029.2073,4868.3700,4869.5000,0.0000,4868.9350,0.0882,-1.0000,0.0000,-0.8473,0.0000,-3.7118,3486
^SPX,2024-01-24 16:00:00,SPX,2024-02-16,5920.000,C,0.0000,0.0000,0.0000,0.0000,0,0,0.0000,740,0.0500,4868.3700,4869.5000,0.0000,4868.9350,0.0881,0.0000,0.0000,-0.0000,0.0000,0.0000,1111
^SPX,2024-01-24 16:00:00,SPX,2024-02-16,5920.000,P,1031.5127,1033.5757,1029.4497,1031.5127,79,100,1023.7764,30,1039.2490,4868.3700,4869.5000,0.0000,4868.9350,0.0881,-1.0000,0.0000,-0.8487,0.0000,-3.7181,4133
^SPX,2024-01-24 16:15:00,SPX,2024-02-16,5930.000,C,0.0000,0.0000,0.0000,0.0000,0,0,0.0000,100,0.0500,4868.3700,4869.5000,0.0000,4868.9350,0.0881,0.0000,0.0000,-0.0000,0.0000,0.0000,3018
^SPX,2024-01-24 16:15:00,SPX,2024-02-16,5930.000,P,1041.4797,1043.5626,1039.3967,1041.4797,76,250,1033.6686,100,1049.2908,4868.3700,4869.5000,0.0000,4868.9350,0.0881,-1.0000,0.0000,-0.8501,0.0000,-3.7244,2172
^SPX,2024-01-24 16:00:00,SPX,2024-02-16,5940.000,C,0.0000,0.0000,0.0000,0.0000,0,0,0.0000,15,0.0500,4868.3700,4869.5000,0.0000,4868.9350,0.0880,0.0000,0.0000,-0.0000,0.0000,0.0000,2607
^SPX,2024-01-24 16:15:00,SPX,2024-02-16,5940.000,P,1051.4466,1053.5495,1049.3438,1051.4466,129,250,1043.5608,15,1059.3325,4868.3700,4869.5000,0.0000,4868.9350,0.0880,-1.0000,0.0000,-0.8516,0.0000,-3.7307,2260
^SPX,2024-01-24 16:15:00,SPX,2024-02-16,5950.000,C,0.0000,0.0000,0.0000,0.0000,0,0,0.0000,30,0.0500,4868.3700,4869.5000,0.0000,4868.9350,0.0880,0.0000,0.0000,-0.0000,0.0000,0.0000,2216
^SPX,2024-01-24 16:15:00,SPX,2024-02-16,5950.000,P,1061.4136,1063.5364,1059.2908,1061.4136,85,31,1053.4530,100,1069.3742,4868.3700,4869.5000,0.0000,4868.9350,0.0880,-1.0000,0.0000,-0.8530,0.0000,-3.7369,1545
^SPX,2024-01-24 16:15:00,SPX,2024-02-16,5960.000,C,0.0000,0.0000,0.0000,0.0000,0,0,0.0000,15,0.0500,4868.3700,4869.5000,0.0000,4868.9350,0.0880,0.0000,0.0000,-0.0000,0.0000,0.0000,761
^SPX,2024-01-24 16:15:00,SPX,2024-02-16,5960.000,P,1071.3806,1073.5234,1069.2378,1071.3806,146,250,1063.3452,100,1079.4159,4868.3700,4869.5000,0.0000,4868.9350,0.0880,-1.0000,0.0000,-0.8544,0.0000,-3.7432,1378
^SPX,2024-01-24 16:00:00,SPX,2024-02-16,5970.000,C,0.0000,0.0000,0.0000,0.0000,0,0,0.0000,30,0.0500,4868.3700,4869.5000,0.0000,4868.9350,0.0879,0.0000,0.0000,-0.0000,0.0000,0.0000,3546
^SPX,2024-01-24 16:00:00,SPX,2024-02-16,5970.000,P,1081.3476,1083.5103,1079.1849,1081.3476,40,250,1073.2375,100,1089.4577,4868.3700,4869.5000,0.0000,4868.9350,0.0879,-1.0000,0.0000,-0.8559,0.0000,-3.7495,3727
^SPX,2024-01-24 16:00:00,SPX,2024-02-16,5980.000,C,0.0000,0.0000,0.0000,0.0000,0,0,0.0000,670,0.0500,4868.3700,4869.5000,0.0000,4868.9350,0.0879,0.0000,0.0000,-0.0000,0.0000,0.0000,4402
^SPX,2024-01-24 16:00:00,SPX,2024-02-16,5980.000,P,1091.3145,1093.4972,1089.1319,1091.3145,50,31,1083.1297,100,1099.4994,4868.3700,4869.5000,0.0000,4868.9350,0.0879,-1.0000,0.0000,-0.8573,0.0000,-3.7558,3221
^SPX,2024-01-24 16:00:00,SPX,2024-02-16,5990.000,C,0.0000,0.0000,0.0000,0.0000,0,0,0.0000,670,0.0500,4868.3700,4869.5000,0.0000,4868.9350,0.0879,0.0000,0.0000,-0.0000,0.0000,0.0000,4992
^SPX,2024-01-24 16:15:00,SPX,2024-02-16,5990.000,P,1101.2815,1103.4841,1099.0789,1101.2815,67,31,1093.0219,30,1109.5411,4868.3700,4869.5000,0.0000,4868.9350,0.0879,-1.0000,0.0000,-0.8587,0.0000,-3.7621,2014
